order_id,order_date,province,region,category,quantity,sales,rating,customer_type
1,2026-04-25,ตรัง,ภาคใต้,อาหารพร้อมทาน,3,404.7,3.7,ลูกค้าใหม่
2,2026-01-17,หนองคาย,ภาคตะวันออกเฉียงเหนือ,อาหารพร้อมทาน,5,550.3,3.5,ลูกค้าใหม่
3,2026-04-12,ประจวบคีรีขันธ์,ภาคตะวันตก,อาหารสุขภาพ,5,929.54,4.6,ลูกค้าประจำ
4,2026-01-04,ปทุมธานี,ภาคกลาง,วัตถุดิบ,5,1242.68,4.6,ลูกค้าใหม่
5,2026-04-21,เลย,ภาคตะวันออกเฉียงเหนือ,ขนมและเบเกอรี่,3,268.32,4.9,ลูกค้าประจำ
6,2026-07-03,เชียงใหม่,ภาคเหนือ,อาหารพร้อมทาน,4,451.9,4.8,ลูกค้าประจำ
7,2026-07-13,ขอนแก่น,ภาคตะวันออกเฉียงเหนือ,วัตถุดิบ,5,1255.32,3.6,ลูกค้าประจำ
8,2026-02-05,ยะลา,ภาคใต้,อาหารสุขภาพ,2,324.19,3.6,ลูกค้าใหม่
9,2026-07-14,เพชรบุรี,ภาคตะวันตก,อาหารพร้อมทาน,2,211.83,3.9,ลูกค้าประจำ
10,2026-05-17,นครราชสีมา,ภาคตะวันออกเฉียงเหนือ,ขนมและเบเกอรี่,3,323.66,4.6,ลูกค้าใหม่
11,2026-08-25,นครศรีธรรมราช,ภาคใต้,อาหารสุขภาพ,2,282.93,4.1,ลูกค้าใหม่
12,2026-06-11,ภูเก็ต,ภาคใต้,อาหารพร้อมทาน,2,212.06,4.1,ลูกค้าใหม่
13,2026-09-13,บุรีรัมย์,ภาคตะวันออกเฉียงเหนือ,อาหารสุขภาพ,3,509.04,4.1,ลูกค้าประจำ
14,2026-05-15,นครปฐม,ภาคกลาง,ขนมและเบเกอรี่,2,99.12,4.6,ลูกค้าประจำ
15,2026-03-12,อุตรดิตถ์,ภาคเหนือ,วัตถุดิบ,3,307.14,4.3,ลูกค้าใหม่
16,2026-03-23,จันทบุรี,ภาคตะวันออก,อาหารพร้อมทาน,2,175.32,4.7,ลูกค้าประจำ
17,2026-08-28,อุบลราชธานี,ภาคตะวันออกเฉียงเหนือ,อาหารพร้อมทาน,4,340.54,4.3,ลูกค้าใหม่
18,2026-06-24,ตรัง,ภาคใต้,อาหารสุขภาพ,3,440.05,3.7,ลูกค้าประจำ
19,2026-05-15,นครราชสีมา,ภาคตะวันออกเฉียงเหนือ,วัตถุดิบ,1,118.27,5.0,ลูกค้าใหม่
20,2026-09-17,สิงห์บุรี,ภาคกลาง,อาหารพร้อมทาน,3,197.96,4.4,ลูกค้าใหม่
21,2026-01-01,ร้อยเอ็ด,ภาคตะวันออกเฉียงเหนือ,เครื่องดื่ม,5,399.68,4.4,ลูกค้าประจำ
22,2026-05-03,กาญจนบุรี,ภาคตะวันตก,อาหารพร้อมทาน,3,339.68,3.6,ลูกค้าใหม่
23,2026-03-06,ชัยภูมิ,ภาคตะวันออกเฉียงเหนือ,วัตถุดิบ,1,164.73,3.7,ลูกค้าประจำ
24,2026-08-05,หนองบัวลำภู,ภาคตะวันออกเฉียงเหนือ,เครื่องดื่ม,3,112.99,4.9,ลูกค้าใหม่
25,2026-09-22,แพร่,ภาคเหนือ,วัตถุดิบ,3,443.18,4.2,ลูกค้าใหม่
26,2026-04-28,ปทุมธานี,ภาคกลาง,อาหารพร้อมทาน,3,369.98,4.4,ลูกค้าใหม่
27,2026-01-17,ชัยนาท,ภาคกลาง,อาหารพร้อมทาน,2,170.94,4.8,ลูกค้าใหม่
28,2026-09-06,สุโขทัย,ภาคกลาง,เครื่องดื่ม,3,181.32,3.8,ลูกค้าใหม่
29,2026-08-31,อุดรธานี,ภาคตะวันออกเฉียงเหนือ,อาหารสุขภาพ,4,543.9,4.7,ลูกค้าใหม่
30,2026-08-05,เชียงราย,ภาคเหนือ,อาหารพร้อมทาน,4,445.0,4.1,ลูกค้าใหม่
31,2026-06-23,เชียงราย,ภาคเหนือ,อาหารพร้อมทาน,4,346.63,4.7,ลูกค้าใหม่
32,2026-08-18,ปัตตานี,ภาคใต้,เครื่องดื่ม,2,171.18,3.7,ลูกค้าใหม่
33,2026-08-15,พิจิตร,ภาคกลาง,วัตถุดิบ,2,358.79,4.7,ลูกค้าใหม่
34,2026-05-02,จันทบุรี,ภาคตะวันออก,อาหารสุขภาพ,1,117.69,3.7,ลูกค้าประจำ
35,2026-03-26,สมุทรสาคร,ภาคกลาง,เครื่องดื่ม,4,313.47,4.1,ลูกค้าประจำ
36,2026-09-07,พังงา,ภาคใต้,วัตถุดิบ,3,356.43,3.7,ลูกค้าประจำ
37,2026-02-01,บุรีรัมย์,ภาคตะวันออกเฉียงเหนือ,อาหารพร้อมทาน,5,536.63,4.6,ลูกค้าใหม่
38,2026-09-29,จันทบุรี,ภาคตะวันออก,อาหารสุขภาพ,4,293.81,3.7,ลูกค้าใหม่
39,2026-05-01,นนทบุรี,ภาคกลาง,อาหารพร้อมทาน,5,400.77,4.1,ลูกค้าใหม่
40,2026-02-11,อุตรดิตถ์,ภาคเหนือ,อาหารสุขภาพ,1,151.09,4.1,ลูกค้าประจำ
41,2026-05-16,พังงา,ภาคใต้,เครื่องดื่ม,3,231.0,4.1,ลูกค้าประจำ
42,2026-08-23,สตูล,ภาคใต้,ขนมและเบเกอรี่,1,99.07,4.4,ลูกค้าใหม่
43,2026-05-16,ชัยนาท,ภาคกลาง,อาหารสุขภาพ,2,279.67,3.7,ลูกค้าประจำ
44,2026-03-22,ชลบุรี,ภาคตะวันออก,เครื่องดื่ม,3,180.32,4.2,ลูกค้าประจำ
45,2026-02-23,สุราษฎร์ธานี,ภาคใต้,อาหารพร้อมทาน,5,378.22,4.9,ลูกค้าใหม่
46,2026-03-21,พังงา,ภาคใต้,อาหารพร้อมทาน,1,83.64,3.9,ลูกค้าใหม่
47,2026-09-08,มุกดาหาร,ภาคตะวันออกเฉียงเหนือ,เครื่องดื่ม,3,155.29,3.9,ลูกค้าใหม่
48,2026-01-02,ชุมพร,ภาคใต้,วัตถุดิบ,3,682.71,4.0,ลูกค้าใหม่
49,2026-08-07,พังงา,ภาคใต้,เครื่องดื่ม,4,254.1,4.3,ลูกค้าใหม่
50,2026-07-09,ชัยนาท,ภาคกลาง,เครื่องดื่ม,5,181.75,4.4,ลูกค้าใหม่
51,2026-07-06,ศรีสะเกษ,ภาคตะวันออกเฉียงเหนือ,เครื่องดื่ม,1,70.27,4.8,ลูกค้าใหม่
52,2026-02-22,ยโสธร,ภาคตะวันออกเฉียงเหนือ,เครื่องดื่ม,2,99.86,4.0,ลูกค้าประจำ
53,2026-07-31,นครพนม,ภาคตะวันออกเฉียงเหนือ,เครื่องดื่ม,2,108.0,3.5,ลูกค้าประจำ
54,2026-02-25,ลำปาง,ภาคเหนือ,เครื่องดื่ม,3,224.82,4.1,ลูกค้าใหม่
55,2026-06-29,สมุทรสงคราม,ภาคกลาง,เครื่องดื่ม,2,155.33,4.0,ลูกค้าใหม่
56,2026-06-18,ปทุมธานี,ภาคกลาง,อาหารพร้อมทาน,2,281.08,3.9,ลูกค้าใหม่
57,2026-06-19,พิจิตร,ภาคกลาง,ขนมและเบเกอรี่,5,356.58,4.9,ลูกค้าใหม่
58,2026-01-20,พังงา,ภาคใต้,เครื่องดื่ม,5,299.88,3.7,ลูกค้าประจำ
59,2026-09-19,แม่ฮ่องสอน,ภาคเหนือ,ขนมและเบเกอรี่,4,370.32,3.7,ลูกค้าใหม่
60,2026-09-24,พระนครศรีอยุธยา,ภาคกลาง,อาหารพร้อมทาน,4,597.07,4.9,ลูกค้าใหม่
61,2026-06-19,ยะลา,ภาคใต้,วัตถุดิบ,1,134.67,4.4,ลูกค้าใหม่
62,2026-07-29,เพชรบูรณ์,ภาคกลาง,อาหารสุขภาพ,3,389.06,4.0,ลูกค้าประจำ
63,2026-07-14,หนองบัวลำภู,ภาคตะวันออกเฉียงเหนือ,เครื่องดื่ม,2,89.34,4.5,ลูกค้าใหม่
64,2026-01-01,อำนาจเจริญ,ภาคตะวันออกเฉียงเหนือ,ขนมและเบเกอรี่,4,239.72,4.0,ลูกค้าใหม่
65,2026-06-14,ศรีสะเกษ,ภาคตะวันออกเฉียงเหนือ,อาหารสุขภาพ,5,818.13,4.2,ลูกค้าประจำ
66,2026-03-28,บุรีรัมย์,ภาคตะวันออกเฉียงเหนือ,อาหารสุขภาพ,4,728.45,4.5,ลูกค้าประจำ
67,2026-05-01,สุโขทัย,ภาคกลาง,อาหารสุขภาพ,3,471.36,4.5,ลูกค้าใหม่
68,2026-05-06,น่าน,ภาคเหนือ,เครื่องดื่ม,1,81.31,5.0,ลูกค้าใหม่
69,2026-07-16,สตูล,ภาคใต้,วัตถุดิบ,5,981.37,4.2,ลูกค้าใหม่
70,2026-04-23,นครปฐม,ภาคกลาง,อาหารพร้อมทาน,1,95.61,3.8,ลูกค้าประจำ
71,2026-08-22,จันทบุรี,ภาคตะวันออก,อาหารสุขภาพ,2,348.91,3.7,ลูกค้าประจำ
72,2026-08-15,สุราษฎร์ธานี,ภาคใต้,อาหารสุขภาพ,5,1107.61,4.4,ลูกค้าประจำ
73,2026-09-01,หนองบัวลำภู,ภาคตะวันออกเฉียงเหนือ,วัตถุดิบ,2,303.26,4.2,ลูกค้าใหม่
74,2026-05-03,พิจิตร,ภาคกลาง,อาหารสุขภาพ,4,756.79,3.9,ลูกค้าใหม่
75,2026-06-13,พิษณุโลก,ภาคกลาง,เครื่องดื่ม,3,67.29,4.8,ลูกค้าใหม่
76,2026-03-20,นครนายก,ภาคกลาง,เครื่องดื่ม,2,148.88,4.6,ลูกค้าใหม่
77,2026-08-27,ลำพูน,ภาคเหนือ,วัตถุดิบ,3,496.58,4.1,ลูกค้าใหม่
78,2026-01-11,ลำพูน,ภาคเหนือ,วัตถุดิบ,5,707.81,4.8,ลูกค้าประจำ
79,2026-07-19,สมุทรสาคร,ภาคกลาง,อาหารพร้อมทาน,3,368.26,4.8,ลูกค้าประจำ
80,2026-09-07,สุรินทร์,ภาคตะวันออกเฉียงเหนือ,อาหารสุขภาพ,5,402.49,3.8,ลูกค้าประจำ
81,2026-07-27,สระแก้ว,ภาคตะวันออก,อาหารพร้อมทาน,4,453.64,4.6,ลูกค้าประจำ
82,2026-07-21,ตาก,ภาคตะวันตก,อาหารสุขภาพ,5,871.42,4.4,ลูกค้าใหม่
83,2026-04-04,ชัยภูมิ,ภาคตะวันออกเฉียงเหนือ,วัตถุดิบ,2,468.36,3.6,ลูกค้าประจำ
84,2026-06-22,ภูเก็ต,ภาคใต้,เครื่องดื่ม,4,226.31,4.6,ลูกค้าประจำ
85,2026-08-29,พิจิตร,ภาคกลาง,วัตถุดิบ,3,430.85,3.5,ลูกค้าใหม่
86,2026-01-21,แม่ฮ่องสอน,ภาคเหนือ,เครื่องดื่ม,1,48.32,4.6,ลูกค้าใหม่
87,2026-05-03,น่าน,ภาคเหนือ,อาหารพร้อมทาน,5,737.31,3.7,ลูกค้าใหม่
88,2026-05-12,อำนาจเจริญ,ภาคตะวันออกเฉียงเหนือ,เครื่องดื่ม,4,239.16,4.7,ลูกค้าใหม่
89,2026-01-14,ตรัง,ภาคใต้,เครื่องดื่ม,3,169.17,4.9,ลูกค้าประจำ
90,2026-05-05,ราชบุรี,ภาคตะวันตก,เครื่องดื่ม,1,66.01,3.7,ลูกค้าประจำ
91,2026-06-27,อุบลราชธานี,ภาคตะวันออกเฉียงเหนือ,อาหารพร้อมทาน,5,614.56,4.3,ลูกค้าประจำ
92,2026-08-04,ชลบุรี,ภาคตะวันออก,อาหารสุขภาพ,3,596.24,4.7,ลูกค้าใหม่
93,2026-03-20,ศรีสะเกษ,ภาคตะวันออกเฉียงเหนือ,ขนมและเบเกอรี่,4,266.31,4.2,ลูกค้าประจำ
94,2026-05-18,สุรินทร์,ภาคตะวันออกเฉียงเหนือ,วัตถุดิบ,4,627.97,4.0,ลูกค้าใหม่
95,2026-08-26,ชุมพร,ภาคใต้,ขนมและเบเกอรี่,4,342.75,4.4,ลูกค้าประจำ
96,2026-04-04,มุกดาหาร,ภาคตะวันออกเฉียงเหนือ,อาหารพร้อมทาน,4,304.38,4.2,ลูกค้าประจำ
97,2026-05-22,พังงา,ภาคใต้,ขนมและเบเกอรี่,3,275.49,4.3,ลูกค้าใหม่
98,2026-05-04,ชัยภูมิ,ภาคตะวันออกเฉียงเหนือ,เครื่องดื่ม,4,263.12,4.5,ลูกค้าประจำ
99,2026-04-24,สงขลา,ภาคใต้,อาหารพร้อมทาน,1,120.15,4.1,ลูกค้าใหม่
100,2026-09-29,แพร่,ภาคเหนือ,อาหารสุขภาพ,3,429.26,4.0,ลูกค้าประจำ
101,2026-05-09,ยโสธร,ภาคตะวันออกเฉียงเหนือ,วัตถุดิบ,3,348.92,3.8,ลูกค้าใหม่
102,2026-04-05,พะเยา,ภาคเหนือ,อาหารพร้อมทาน,5,456.37,3.8,ลูกค้าประจำ
103,2026-05-25,พิจิตร,ภาคกลาง,อาหารสุขภาพ,5,658.31,5.0,ลูกค้าใหม่
104,2026-06-04,เพชรบุรี,ภาคตะวันตก,เครื่องดื่ม,3,155.89,3.5,ลูกค้าใหม่
105,2026-05-30,พิจิตร,ภาคกลาง,อาหารพร้อมทาน,1,103.65,4.5,ลูกค้าใหม่
106,2026-05-26,สระแก้ว,ภาคตะวันออก,อาหารพร้อมทาน,1,118.91,4.2,ลูกค้าประจำ
107,2026-09-02,มุกดาหาร,ภาคตะวันออกเฉียงเหนือ,เครื่องดื่ม,1,95.65,3.7,ลูกค้าใหม่
108,2026-01-28,ลพบุรี,ภาคกลาง,วัตถุดิบ,1,169.07,3.7,ลูกค้าประจำ
109,2026-08-02,ชัยภูมิ,ภาคตะวันออกเฉียงเหนือ,เครื่องดื่ม,1,62.27,4.4,ลูกค้าใหม่
110,2026-06-02,สุพรรณบุรี,ภาคกลาง,วัตถุดิบ,4,671.27,4.8,ลูกค้าประจำ
111,2026-02-20,แพร่,ภาคเหนือ,อาหารสุขภาพ,5,416.25,4.9,ลูกค้าใหม่
112,2026-05-03,บุรีรัมย์,ภาคตะวันออกเฉียงเหนือ,ขนมและเบเกอรี่,1,94.37,3.8,ลูกค้าใหม่
113,2026-08-29,นครราชสีมา,ภาคตะวันออกเฉียงเหนือ,อาหารพร้อมทาน,4,462.87,3.9,ลูกค้าใหม่
114,2026-04-30,พิษณุโลก,ภาคกลาง,ขนมและเบเกอรี่,4,614.01,4.9,ลูกค้าใหม่
115,2026-03-18,เลย,ภาคตะวันออกเฉียงเหนือ,อาหารพร้อมทาน,5,571.15,4.9,ลูกค้าใหม่
116,2026-05-28,ชัยนาท,ภาคกลาง,อาหารพร้อมทาน,2,258.09,4.2,ลูกค้าประจำ
117,2026-09-10,เพชรบูรณ์,ภาคกลาง,วัตถุดิบ,3,481.78,4.2,ลูกค้าใหม่
118,2026-01-14,ศรีสะเกษ,ภาคตะวันออกเฉียงเหนือ,ขนมและเบเกอรี่,5,336.22,3.6,ลูกค้าใหม่
119,2026-08-29,พัทลุง,ภาคใต้,อาหารสุขภาพ,1,205.71,4.3,ลูกค้าประจำ
120,2026-09-09,พิจิตร,ภาคกลาง,เครื่องดื่ม,5,366.79,5.0,ลูกค้าประจำ
121,2026-02-23,แม่ฮ่องสอน,ภาคเหนือ,วัตถุดิบ,3,646.79,4.8,ลูกค้าประจำ
122,2026-07-25,ลำปาง,ภาคเหนือ,วัตถุดิบ,3,354.65,4.7,ลูกค้าใหม่
123,2026-06-15,สตูล,ภาคใต้,อาหารพร้อมทาน,3,486.25,3.7,ลูกค้าประจำ
124,2026-07-31,สุโขทัย,ภาคกลาง,อาหารพร้อมทาน,5,370.24,3.6,ลูกค้าประจำ
125,2026-05-17,สระบุรี,ภาคกลาง,วัตถุดิบ,1,206.41,4.3,ลูกค้าประจำ
126,2026-05-03,สกลนคร,ภาคตะวันออกเฉียงเหนือ,วัตถุดิบ,1,278.57,4.6,ลูกค้าประจำ
127,2026-02-17,หนองบัวลำภู,ภาคตะวันออกเฉียงเหนือ,อาหารพร้อมทาน,5,428.85,3.8,ลูกค้าใหม่
128,2026-05-30,สมุทรปราการ,ภาคกลาง,อาหารพร้อมทาน,2,195.72,4.3,ลูกค้าประจำ
129,2026-08-22,ลำพูน,ภาคเหนือ,วัตถุดิบ,4,737.94,4.3,ลูกค้าประจำ
130,2026-03-11,นราธิวาส,ภาคใต้,อาหารสุขภาพ,5,594.41,4.8,ลูกค้าประจำ
131,2026-01-02,ลำพูน,ภาคเหนือ,ขนมและเบเกอรี่,5,290.86,3.9,ลูกค้าประจำ
132,2026-08-17,อุทัยธานี,ภาคกลาง,อาหารสุขภาพ,4,650.97,4.3,ลูกค้าประจำ
133,2026-08-22,มหาสารคาม,ภาคตะวันออกเฉียงเหนือ,อาหารสุขภาพ,5,558.16,4.9,ลูกค้าใหม่
134,2026-07-30,ปราจีนบุรี,ภาคตะวันออก,อาหารสุขภาพ,4,715.77,3.6,ลูกค้าประจำ
135,2026-01-19,ระนอง,ภาคใต้,วัตถุดิบ,2,263.39,3.7,ลูกค้าประจำ
136,2026-08-22,เชียงราย,ภาคเหนือ,วัตถุดิบ,1,224.77,3.5,ลูกค้าใหม่
137,2026-05-16,ลำปาง,ภาคเหนือ,เครื่องดื่ม,1,49.66,4.0,ลูกค้าประจำ
138,2026-06-12,ชัยภูมิ,ภาคตะวันออกเฉียงเหนือ,ขนมและเบเกอรี่,5,414.92,4.4,ลูกค้าประจำ
139,2026-05-01,หนองคาย,ภาคตะวันออกเฉียงเหนือ,อาหารพร้อมทาน,5,722.03,4.4,ลูกค้าประจำ
140,2026-02-21,ประจวบคีรีขันธ์,ภาคตะวันตก,อาหารพร้อมทาน,4,332.3,4.2,ลูกค้าประจำ
141,2026-05-31,กาฬสินธุ์,ภาคตะวันออกเฉียงเหนือ,อาหารพร้อมทาน,3,380.47,4.0,ลูกค้าประจำ
142,2026-04-03,นครปฐม,ภาคกลาง,เครื่องดื่ม,5,409.65,3.8,ลูกค้าใหม่
143,2026-03-15,ระนอง,ภาคใต้,อาหารสุขภาพ,2,181.83,3.8,ลูกค้าประจำ
144,2026-05-28,สตูล,ภาคใต้,ขนมและเบเกอรี่,1,94.42,4.5,ลูกค้าใหม่
145,2026-06-03,ชัยนาท,ภาคกลาง,วัตถุดิบ,3,517.58,4.5,ลูกค้าประจำ
146,2026-07-16,พระนครศรีอยุธยา,ภาคกลาง,วัตถุดิบ,3,645.55,4.8,ลูกค้าใหม่
147,2026-06-01,ปราจีนบุรี,ภาคตะวันออก,วัตถุดิบ,5,621.69,5.0,ลูกค้าประจำ
148,2026-01-26,กาญจนบุรี,ภาคตะวันตก,วัตถุดิบ,3,361.74,4.9,ลูกค้าประจำ
149,2026-04-23,พิษณุโลก,ภาคกลาง,เครื่องดื่ม,5,367.41,4.5,ลูกค้าประจำ
150,2026-08-14,นครนายก,ภาคกลาง,อาหารพร้อมทาน,1,128.91,3.6,ลูกค้าประจำ
151,2026-08-01,ตาก,ภาคตะวันตก,อาหารพร้อมทาน,3,382.54,3.8,ลูกค้าใหม่
152,2026-05-20,หนองคาย,ภาคตะวันออกเฉียงเหนือ,ขนมและเบเกอรี่,5,464.53,4.7,ลูกค้าประจำ
153,2026-08-28,สมุทรสาคร,ภาคกลาง,ขนมและเบเกอรี่,3,236.55,4.9,ลูกค้าใหม่
154,2026-02-16,ปทุมธานี,ภาคกลาง,วัตถุดิบ,5,952.26,4.7,ลูกค้าใหม่
155,2026-07-08,พังงา,ภาคใต้,อาหารสุขภาพ,1,163.14,4.5,ลูกค้าประจำ
156,2026-04-30,อุตรดิตถ์,ภาคเหนือ,วัตถุดิบ,3,443.56,4.2,ลูกค้าประจำ
157,2026-06-04,ปทุมธานี,ภาคกลาง,อาหารพร้อมทาน,4,598.31,4.5,ลูกค้าใหม่
158,2026-09-10,นครนายก,ภาคกลาง,อาหารพร้อมทาน,1,134.21,3.7,ลูกค้าใหม่
159,2026-07-09,สุรินทร์,ภาคตะวันออกเฉียงเหนือ,เครื่องดื่ม,4,173.44,4.5,ลูกค้าประจำ
160,2026-02-20,อุทัยธานี,ภาคกลาง,เครื่องดื่ม,4,257.27,4.8,ลูกค้าประจำ
161,2026-08-16,พิจิตร,ภาคกลาง,อาหารพร้อมทาน,3,272.28,4.2,ลูกค้าใหม่
162,2026-07-03,ยะลา,ภาคใต้,อาหารพร้อมทาน,3,387.75,3.6,ลูกค้าประจำ
163,2026-04-19,นราธิวาส,ภาคใต้,อาหารพร้อมทาน,4,619.03,4.5,ลูกค้าใหม่
164,2026-04-16,จันทบุรี,ภาคตะวันออก,ขนมและเบเกอรี่,2,151.02,3.6,ลูกค้าใหม่
165,2026-03-17,อุทัยธานี,ภาคกลาง,เครื่องดื่ม,2,161.31,4.7,ลูกค้าใหม่
166,2026-05-09,พิจิตร,ภาคกลาง,เครื่องดื่ม,2,129.07,4.7,ลูกค้าใหม่
167,2026-05-02,กาฬสินธุ์,ภาคตะวันออกเฉียงเหนือ,เครื่องดื่ม,1,78.36,4.4,ลูกค้าใหม่
168,2026-08-04,นครสวรรค์,ภาคกลาง,ขนมและเบเกอรี่,1,140.05,4.3,ลูกค้าใหม่
169,2026-02-25,สมุทรสงคราม,ภาคกลาง,วัตถุดิบ,3,456.19,4.2,ลูกค้าใหม่
170,2026-01-16,ขอนแก่น,ภาคตะวันออกเฉียงเหนือ,อาหารสุขภาพ,3,370.07,3.6,ลูกค้าประจำ
171,2026-08-16,ลพบุรี,ภาคกลาง,วัตถุดิบ,1,132.97,3.6,ลูกค้าใหม่
172,2026-03-06,ภูเก็ต,ภาคใต้,อาหารสุขภาพ,2,254.74,3.9,ลูกค้าประจำ
173,2026-08-21,ระนอง,ภาคใต้,อาหารสุขภาพ,5,784.58,4.3,ลูกค้าประจำ
174,2026-04-21,เชียงราย,ภาคเหนือ,อาหารพร้อมทาน,5,553.5,4.1,ลูกค้าใหม่
175,2026-08-01,ลำปาง,ภาคเหนือ,ขนมและเบเกอรี่,4,385.97,4.6,ลูกค้าประจำ
176,2026-03-20,เลย,ภาคตะวันออกเฉียงเหนือ,ขนมและเบเกอรี่,3,343.94,4.5,ลูกค้าประจำ
177,2026-08-10,ชลบุรี,ภาคตะวันออก,อาหารพร้อมทาน,1,120.39,3.6,ลูกค้าประจำ
178,2026-06-18,ตาก,ภาคตะวันตก,อาหารสุขภาพ,1,196.33,4.5,ลูกค้าประจำ
179,2026-06-09,ยโสธร,ภาคตะวันออกเฉียงเหนือ,วัตถุดิบ,1,168.09,4.0,ลูกค้าใหม่
180,2026-06-29,นครพนม,ภาคตะวันออกเฉียงเหนือ,วัตถุดิบ,2,604.82,4.8,ลูกค้าประจำ
181,2026-08-08,ตรัง,ภาคใต้,ขนมและเบเกอรี่,5,549.3,4.8,ลูกค้าใหม่
182,2026-06-08,พัทลุง,ภาคใต้,อาหารพร้อมทาน,2,188.57,4.9,ลูกค้าประจำ
183,2026-07-25,กรุงเทพมหานคร,ภาคกลาง,เครื่องดื่ม,2,85.68,3.6,ลูกค้าใหม่
184,2026-08-03,ชุมพร,ภาคใต้,อาหารสุขภาพ,2,340.67,4.2,ลูกค้าใหม่
185,2026-02-13,ร้อยเอ็ด,ภาคตะวันออกเฉียงเหนือ,ขนมและเบเกอรี่,3,242.17,4.8,ลูกค้าใหม่
186,2026-02-11,นครราชสีมา,ภาคตะวันออกเฉียงเหนือ,อาหารสุขภาพ,1,160.28,3.9,ลูกค้าประจำ
187,2026-05-20,สระแก้ว,ภาคตะวันออก,อาหารสุขภาพ,4,679.93,3.8,ลูกค้าใหม่
188,2026-09-07,แม่ฮ่องสอน,ภาคเหนือ,วัตถุดิบ,1,176.72,4.3,ลูกค้าประจำ
189,2026-01-29,ขอนแก่น,ภาคตะวันออกเฉียงเหนือ,เครื่องดื่ม,4,184.46,3.5,ลูกค้าประจำ
190,2026-06-17,บุรีรัมย์,ภาคตะวันออกเฉียงเหนือ,เครื่องดื่ม,3,121.15,3.7,ลูกค้าประจำ
191,2026-09-30,ศรีสะเกษ,ภาคตะวันออกเฉียงเหนือ,เครื่องดื่ม,2,109.71,4.6,ลูกค้าประจำ
192,2026-01-10,ชัยนาท,ภาคกลาง,วัตถุดิบ,1,207.61,4.2,ลูกค้าใหม่
193,2026-07-27,พะเยา,ภาคเหนือ,อาหารสุขภาพ,4,606.83,4.6,ลูกค้าประจำ
194,2026-06-16,เพชรบุรี,ภาคตะวันตก,อาหารพร้อมทาน,4,330.51,3.8,ลูกค้าประจำ
195,2026-05-05,ยะลา,ภาคใต้,อาหารพร้อมทาน,4,500.78,4.2,ลูกค้าประจำ
196,2026-06-23,สุราษฎร์ธานี,ภาคใต้,อาหารพร้อมทาน,4,526.24,3.8,ลูกค้าใหม่
197,2026-09-19,ชัยนาท,ภาคกลาง,อาหารสุขภาพ,1,112.18,3.8,ลูกค้าประจำ
198,2026-03-16,แม่ฮ่องสอน,ภาคเหนือ,เครื่องดื่ม,2,135.0,3.9,ลูกค้าใหม่
199,2026-09-10,นครพนม,ภาคตะวันออกเฉียงเหนือ,อาหารพร้อมทาน,2,206.97,4.2,ลูกค้าประจำ
200,2026-06-11,อำนาจเจริญ,ภาคตะวันออกเฉียงเหนือ,อาหารสุขภาพ,3,291.42,3.7,ลูกค้าใหม่
201,2026-01-29,สมุทรสงคราม,ภาคกลาง,วัตถุดิบ,3,588.3,4.0,ลูกค้าใหม่
202,2026-01-30,แพร่,ภาคเหนือ,วัตถุดิบ,4,820.94,4.1,ลูกค้าประจำ
203,2026-09-17,ชัยนาท,ภาคกลาง,อาหารพร้อมทาน,5,686.21,4.1,ลูกค้าใหม่
204,2026-09-01,สงขลา,ภาคใต้,อาหารสุขภาพ,2,404.3,4.3,ลูกค้าใหม่
205,2026-02-13,สงขลา,ภาคใต้,อาหารพร้อมทาน,3,200.61,4.3,ลูกค้าใหม่
206,2026-09-26,ขอนแก่น,ภาคตะวันออกเฉียงเหนือ,เครื่องดื่ม,4,189.09,4.3,ลูกค้าใหม่
207,2026-07-29,ยะลา,ภาคใต้,ขนมและเบเกอรี่,3,305.61,4.7,ลูกค้าใหม่
208,2026-07-17,มหาสารคาม,ภาคตะวันออกเฉียงเหนือ,อาหารพร้อมทาน,3,406.24,3.9,ลูกค้าใหม่
209,2026-03-14,มหาสารคาม,ภาคตะวันออกเฉียงเหนือ,อาหารพร้อมทาน,5,575.67,4.9,ลูกค้าประจำ
210,2026-02-13,ราชบุรี,ภาคตะวันตก,เครื่องดื่ม,5,542.33,4.0,ลูกค้าประจำ
211,2026-08-05,มหาสารคาม,ภาคตะวันออกเฉียงเหนือ,เครื่องดื่ม,5,371.38,4.3,ลูกค้าใหม่
212,2026-06-24,ยะลา,ภาคใต้,ขนมและเบเกอรี่,2,243.94,4.9,ลูกค้าประจำ
213,2026-02-09,นราธิวาส,ภาคใต้,เครื่องดื่ม,2,161.01,3.9,ลูกค้าใหม่
214,2026-06-22,สิงห์บุรี,ภาคกลาง,อาหารสุขภาพ,5,930.28,4.8,ลูกค้าใหม่
215,2026-04-03,อุบลราชธานี,ภาคตะวันออกเฉียงเหนือ,วัตถุดิบ,2,331.63,4.7,ลูกค้าใหม่
216,2026-05-02,สกลนคร,ภาคตะวันออกเฉียงเหนือ,อาหารพร้อมทาน,4,571.08,5.0,ลูกค้าประจำ
217,2026-06-08,สงขลา,ภาคใต้,เครื่องดื่ม,5,262.21,4.9,ลูกค้าประจำ
218,2026-08-25,นราธิวาส,ภาคใต้,ขนมและเบเกอรี่,5,424.53,4.7,ลูกค้าประจำ
219,2026-04-13,สิงห์บุรี,ภาคกลาง,อาหารสุขภาพ,4,562.34,4.7,ลูกค้าใหม่
220,2026-02-22,พระนครศรีอยุธยา,ภาคกลาง,อาหารพร้อมทาน,4,489.82,4.6,ลูกค้าใหม่
221,2026-08-19,พิษณุโลก,ภาคกลาง,อาหารพร้อมทาน,2,378.88,4.9,ลูกค้าใหม่
222,2026-06-28,ศรีสะเกษ,ภาคตะวันออกเฉียงเหนือ,อาหารพร้อมทาน,2,121.57,4.9,ลูกค้าประจำ
223,2026-05-01,จันทบุรี,ภาคตะวันออก,วัตถุดิบ,5,1054.41,4.1,ลูกค้าใหม่
224,2026-02-20,ร้อยเอ็ด,ภาคตะวันออกเฉียงเหนือ,เครื่องดื่ม,1,38.79,4.8,ลูกค้าประจำ
225,2026-08-30,นครปฐม,ภาคกลาง,เครื่องดื่ม,1,57.33,4.5,ลูกค้าใหม่
226,2026-02-10,สมุทรสงคราม,ภาคกลาง,วัตถุดิบ,5,1145.01,3.5,ลูกค้าใหม่
227,2026-08-05,นครพนม,ภาคตะวันออกเฉียงเหนือ,อาหารสุขภาพ,5,731.57,3.7,ลูกค้าประจำ
228,2026-05-03,ปราจีนบุรี,ภาคตะวันออก,ขนมและเบเกอรี่,1,69.4,4.1,ลูกค้าประจำ
229,2026-01-09,ชลบุรี,ภาคตะวันออก,อาหารพร้อมทาน,4,354.75,4.4,ลูกค้าใหม่
230,2026-06-30,นครปฐม,ภาคกลาง,ขนมและเบเกอรี่,4,444.56,3.9,ลูกค้าประจำ
231,2026-02-04,นนทบุรี,ภาคกลาง,อาหารพร้อมทาน,5,490.45,4.9,ลูกค้าใหม่
232,2026-07-18,ระยอง,ภาคตะวันออก,วัตถุดิบ,1,161.28,5.0,ลูกค้าประจำ
233,2026-05-04,กาญจนบุรี,ภาคตะวันตก,ขนมและเบเกอรี่,1,96.08,4.6,ลูกค้าใหม่
234,2026-06-30,อุตรดิตถ์,ภาคเหนือ,ขนมและเบเกอรี่,2,159.05,4.3,ลูกค้าใหม่
235,2026-02-02,สมุทรปราการ,ภาคกลาง,วัตถุดิบ,2,552.95,4.6,ลูกค้าประจำ
236,2026-04-13,กำแพงเพชร,ภาคกลาง,ขนมและเบเกอรี่,2,220.11,4.8,ลูกค้าประจำ
237,2026-08-31,แพร่,ภาคเหนือ,อาหารสุขภาพ,4,284.38,3.9,ลูกค้าใหม่
238,2026-06-19,พิษณุโลก,ภาคกลาง,ขนมและเบเกอรี่,1,84.51,3.9,ลูกค้าประจำ
239,2026-06-23,ศรีสะเกษ,ภาคตะวันออกเฉียงเหนือ,วัตถุดิบ,4,570.83,5.0,ลูกค้าประจำ
240,2026-02-12,สระบุรี,ภาคกลาง,ขนมและเบเกอรี่,5,576.23,4.6,ลูกค้าใหม่
241,2026-05-31,ศรีสะเกษ,ภาคตะวันออกเฉียงเหนือ,อาหารสุขภาพ,2,230.94,4.0,ลูกค้าใหม่
242,2026-08-07,ภูเก็ต,ภาคใต้,ขนมและเบเกอรี่,3,262.98,3.7,ลูกค้าประจำ
243,2026-06-30,แม่ฮ่องสอน,ภาคเหนือ,วัตถุดิบ,1,172.32,4.4,ลูกค้าประจำ
244,2026-07-27,พิจิตร,ภาคกลาง,อาหารพร้อมทาน,1,124.08,4.0,ลูกค้าใหม่
245,2026-08-13,กาฬสินธุ์,ภาคตะวันออกเฉียงเหนือ,เครื่องดื่ม,5,193.35,3.6,ลูกค้าใหม่
246,2026-01-17,ปราจีนบุรี,ภาคตะวันออก,ขนมและเบเกอรี่,3,248.11,4.4,ลูกค้าประจำ
247,2026-03-12,ร้อยเอ็ด,ภาคตะวันออกเฉียงเหนือ,ขนมและเบเกอรี่,4,334.88,4.3,ลูกค้าประจำ
248,2026-01-14,พะเยา,ภาคเหนือ,ขนมและเบเกอรี่,2,158.97,4.6,ลูกค้าประจำ
249,2026-05-15,สุพรรณบุรี,ภาคกลาง,วัตถุดิบ,5,1297.23,4.7,ลูกค้าประจำ
250,2026-09-09,บุรีรัมย์,ภาคตะวันออกเฉียงเหนือ,อาหารสุขภาพ,3,449.31,3.8,ลูกค้าใหม่
251,2026-08-16,ชัยนาท,ภาคกลาง,วัตถุดิบ,2,209.54,5.0,ลูกค้าประจำ
252,2026-05-29,แม่ฮ่องสอน,ภาคเหนือ,อาหารพร้อมทาน,5,663.91,4.8,ลูกค้าใหม่
253,2026-03-04,นครสวรรค์,ภาคกลาง,ขนมและเบเกอรี่,5,727.01,5.0,ลูกค้าใหม่
254,2026-07-08,ปราจีนบุรี,ภาคตะวันออก,วัตถุดิบ,1,226.46,4.2,ลูกค้าใหม่
255,2026-09-03,ชุมพร,ภาคใต้,อาหารพร้อมทาน,3,212.09,4.3,ลูกค้าประจำ
256,2026-02-07,อุดรธานี,ภาคตะวันออกเฉียงเหนือ,อาหารพร้อมทาน,2,210.95,4.2,ลูกค้าประจำ
257,2026-03-08,ตาก,ภาคตะวันตก,อาหารสุขภาพ,5,1053.38,4.1,ลูกค้าใหม่
258,2026-03-26,ตราด,ภาคตะวันออก,อาหารสุขภาพ,2,263.39,3.7,ลูกค้าใหม่
259,2026-05-09,แม่ฮ่องสอน,ภาคเหนือ,อาหารสุขภาพ,3,533.26,3.8,ลูกค้าประจำ
260,2026-02-17,ตาก,ภาคตะวันตก,ขนมและเบเกอรี่,5,510.29,4.3,ลูกค้าใหม่
261,2026-06-22,อุทัยธานี,ภาคกลาง,อาหารสุขภาพ,2,245.85,4.8,ลูกค้าใหม่
262,2026-05-16,กาฬสินธุ์,ภาคตะวันออกเฉียงเหนือ,อาหารพร้อมทาน,1,100.48,4.5,ลูกค้าประจำ
263,2026-06-04,กาฬสินธุ์,ภาคตะวันออกเฉียงเหนือ,วัตถุดิบ,5,170.71,4.2,ลูกค้าประจำ
264,2026-01-31,เพชรบูรณ์,ภาคกลาง,วัตถุดิบ,1,113.82,3.7,ลูกค้าประจำ
265,2026-03-15,สมุทรสาคร,ภาคกลาง,วัตถุดิบ,2,337.27,4.0,ลูกค้าประจำ
266,2026-09-21,แม่ฮ่องสอน,ภาคเหนือ,วัตถุดิบ,2,247.7,4.3,ลูกค้าประจำ
267,2026-08-19,ปราจีนบุรี,ภาคตะวันออก,วัตถุดิบ,1,253.46,3.9,ลูกค้าใหม่
268,2026-08-03,จันทบุรี,ภาคตะวันออก,ขนมและเบเกอรี่,4,219.72,3.9,ลูกค้าใหม่
269,2026-03-23,ภูเก็ต,ภาคใต้,อาหารสุขภาพ,3,427.19,4.2,ลูกค้าประจำ
270,2026-02-16,สระบุรี,ภาคกลาง,ขนมและเบเกอรี่,4,392.42,4.9,ลูกค้าประจำ
271,2026-01-25,ปราจีนบุรี,ภาคตะวันออก,เครื่องดื่ม,5,442.1,3.6,ลูกค้าประจำ
272,2026-01-05,อุบลราชธานี,ภาคตะวันออกเฉียงเหนือ,วัตถุดิบ,3,311.54,4.8,ลูกค้าประจำ
273,2026-07-07,นครนายก,ภาคกลาง,ขนมและเบเกอรี่,3,349.48,3.6,ลูกค้าใหม่
274,2026-05-28,อำนาจเจริญ,ภาคตะวันออกเฉียงเหนือ,อาหารสุขภาพ,2,320.82,3.6,ลูกค้าประจำ
275,2026-03-02,หนองบัวลำภู,ภาคตะวันออกเฉียงเหนือ,ขนมและเบเกอรี่,5,304.68,3.7,ลูกค้าใหม่
276,2026-07-07,ราชบุรี,ภาคตะวันตก,ขนมและเบเกอรี่,3,286.13,4.6,ลูกค้าใหม่
277,2026-01-24,สุโขทัย,ภาคกลาง,วัตถุดิบ,5,944.79,3.6,ลูกค้าประจำ
278,2026-09-21,สมุทรสงคราม,ภาคกลาง,อาหารสุขภาพ,4,543.97,3.7,ลูกค้าประจำ
279,2026-06-03,นครราชสีมา,ภาคตะวันออกเฉียงเหนือ,วัตถุดิบ,5,778.35,4.4,ลูกค้าประจำ
280,2026-07-08,อำนาจเจริญ,ภาคตะวันออกเฉียงเหนือ,ขนมและเบเกอรี่,4,343.4,4.0,ลูกค้าใหม่
281,2026-01-14,ลำพูน,ภาคเหนือ,อาหารสุขภาพ,3,419.58,4.4,ลูกค้าประจำ
282,2026-01-27,อุตรดิตถ์,ภาคเหนือ,อาหารสุขภาพ,2,317.02,4.4,ลูกค้าใหม่
283,2026-05-05,สุราษฎร์ธานี,ภาคใต้,อาหารสุขภาพ,4,893.76,3.5,ลูกค้าใหม่
284,2026-08-03,นราธิวาส,ภาคใต้,อาหารพร้อมทาน,4,331.46,3.7,ลูกค้าใหม่
285,2026-02-01,ลำปาง,ภาคเหนือ,อาหารสุขภาพ,5,1165.28,4.6,ลูกค้าใหม่
286,2026-07-12,อ่างทอง,ภาคกลาง,ขนมและเบเกอรี่,4,175.1,4.0,ลูกค้าใหม่
287,2026-07-01,สตูล,ภาคใต้,อาหารสุขภาพ,3,415.61,4.5,ลูกค้าประจำ
288,2026-06-02,สมุทรสาคร,ภาคกลาง,เครื่องดื่ม,2,149.12,3.8,ลูกค้าประจำ
289,2026-09-03,พิษณุโลก,ภาคกลาง,เครื่องดื่ม,4,278.26,4.0,ลูกค้าประจำ
290,2026-07-14,พิษณุโลก,ภาคกลาง,อาหารพร้อมทาน,5,430.61,4.8,ลูกค้าประจำ
291,2026-05-28,แม่ฮ่องสอน,ภาคเหนือ,เครื่องดื่ม,3,184.85,4.9,ลูกค้าใหม่
292,2026-09-03,แม่ฮ่องสอน,ภาคเหนือ,วัตถุดิบ,3,402.43,3.8,ลูกค้าประจำ
293,2026-05-03,อ่างทอง,ภาคกลาง,ขนมและเบเกอรี่,2,162.01,3.9,ลูกค้าใหม่
294,2026-06-19,ประจวบคีรีขันธ์,ภาคตะวันตก,อาหารพร้อมทาน,1,138.21,4.6,ลูกค้าใหม่
295,2026-07-28,นครนายก,ภาคกลาง,อาหารพร้อมทาน,5,653.55,4.5,ลูกค้าประจำ
296,2026-05-27,สมุทรสาคร,ภาคกลาง,เครื่องดื่ม,3,161.22,4.5,ลูกค้าใหม่
297,2026-01-20,อุดรธานี,ภาคตะวันออกเฉียงเหนือ,เครื่องดื่ม,5,338.38,4.9,ลูกค้าใหม่
298,2026-09-11,ลำพูน,ภาคเหนือ,เครื่องดื่ม,1,66.49,3.8,ลูกค้าประจำ
299,2026-02-24,กำแพงเพชร,ภาคกลาง,อาหารพร้อมทาน,3,389.84,4.9,ลูกค้าประจำ
300,2026-09-10,พิษณุโลก,ภาคกลาง,วัตถุดิบ,5,937.5,4.8,ลูกค้าใหม่
301,2026-02-27,สิงห์บุรี,ภาคกลาง,วัตถุดิบ,3,428.09,4.0,ลูกค้าประจำ
302,2026-06-22,พระนครศรีอยุธยา,ภาคกลาง,เครื่องดื่ม,1,47.51,4.7,ลูกค้าใหม่
303,2026-09-21,นครสวรรค์,ภาคกลาง,อาหารสุขภาพ,4,721.59,4.0,ลูกค้าประจำ
304,2026-06-15,เชียงราย,ภาคเหนือ,เครื่องดื่ม,2,142.35,4.9,ลูกค้าใหม่
305,2026-05-17,พังงา,ภาคใต้,วัตถุดิบ,2,340.21,4.9,ลูกค้าประจำ
306,2026-07-04,อุตรดิตถ์,ภาคเหนือ,อาหารสุขภาพ,1,164.69,4.5,ลูกค้าใหม่
307,2026-07-27,ตราด,ภาคตะวันออก,วัตถุดิบ,3,712.48,4.5,ลูกค้าประจำ
308,2026-04-24,ตราด,ภาคตะวันออก,ขนมและเบเกอรี่,3,218.57,3.8,ลูกค้าใหม่
309,2026-07-11,สมุทรสาคร,ภาคกลาง,เครื่องดื่ม,4,251.23,4.1,ลูกค้าประจำ
310,2026-02-11,สุรินทร์,ภาคตะวันออกเฉียงเหนือ,เครื่องดื่ม,2,104.91,4.3,ลูกค้าประจำ
311,2026-09-16,ชัยนาท,ภาคกลาง,อาหารสุขภาพ,1,151.29,3.8,ลูกค้าใหม่
312,2026-03-01,นครศรีธรรมราช,ภาคใต้,ขนมและเบเกอรี่,5,575.21,4.5,ลูกค้าประจำ
313,2026-08-21,ชุมพร,ภาคใต้,อาหารสุขภาพ,4,772.07,3.7,ลูกค้าประจำ
314,2026-08-25,สตูล,ภาคใต้,อาหารสุขภาพ,1,173.29,4.5,ลูกค้าประจำ
315,2026-04-22,กาญจนบุรี,ภาคตะวันตก,วัตถุดิบ,3,716.24,4.4,ลูกค้าใหม่
316,2026-01-31,เลย,ภาคตะวันออกเฉียงเหนือ,ขนมและเบเกอรี่,1,85.95,4.9,ลูกค้าใหม่
317,2026-04-03,สมุทรสงคราม,ภาคกลาง,อาหารพร้อมทาน,3,400.31,4.7,ลูกค้าประจำ
318,2026-07-12,ร้อยเอ็ด,ภาคตะวันออกเฉียงเหนือ,วัตถุดิบ,4,630.94,3.6,ลูกค้าใหม่
319,2026-07-21,แม่ฮ่องสอน,ภาคเหนือ,อาหารพร้อมทาน,2,233.5,4.3,ลูกค้าใหม่
320,2026-08-06,กรุงเทพมหานคร,ภาคกลาง,อาหารพร้อมทาน,3,330.87,4.3,ลูกค้าใหม่
321,2026-05-22,ปัตตานี,ภาคใต้,วัตถุดิบ,3,553.09,3.8,ลูกค้าใหม่
322,2026-05-04,กำแพงเพชร,ภาคกลาง,วัตถุดิบ,5,1033.91,3.8,ลูกค้าใหม่
323,2026-01-25,อุบลราชธานี,ภาคตะวันออกเฉียงเหนือ,อาหารพร้อมทาน,4,343.63,3.9,ลูกค้าใหม่
324,2026-04-22,ลพบุรี,ภาคกลาง,วัตถุดิบ,2,493.48,4.6,ลูกค้าใหม่
325,2026-06-13,นครนายก,ภาคกลาง,อาหารสุขภาพ,3,359.28,4.4,ลูกค้าประจำ
326,2026-09-24,ปราจีนบุรี,ภาคตะวันออก,ขนมและเบเกอรี่,2,112.48,3.8,ลูกค้าประจำ
327,2026-03-31,พิจิตร,ภาคกลาง,อาหารพร้อมทาน,5,696.34,4.4,ลูกค้าประจำ
328,2026-07-15,อ่างทอง,ภาคกลาง,วัตถุดิบ,1,215.62,4.7,ลูกค้าประจำ
329,2026-07-12,ลำพูน,ภาคเหนือ,วัตถุดิบ,2,416.17,3.8,ลูกค้าประจำ
330,2026-03-15,ปราจีนบุรี,ภาคตะวันออก,เครื่องดื่ม,3,191.79,4.7,ลูกค้าใหม่
331,2026-09-29,อ่างทอง,ภาคกลาง,วัตถุดิบ,4,646.02,3.7,ลูกค้าใหม่
332,2026-02-10,พระนครศรีอยุธยา,ภาคกลาง,เครื่องดื่ม,3,128.57,4.9,ลูกค้าประจำ
333,2026-05-18,ชุมพร,ภาคใต้,อาหารสุขภาพ,2,326.06,4.1,ลูกค้าใหม่
334,2026-04-22,ชัยนาท,ภาคกลาง,เครื่องดื่ม,5,229.48,4.2,ลูกค้าประจำ
335,2026-03-02,เพชรบูรณ์,ภาคกลาง,อาหารพร้อมทาน,2,298.51,4.6,ลูกค้าประจำ
336,2026-05-03,ปัตตานี,ภาคใต้,อาหารสุขภาพ,2,292.82,4.3,ลูกค้าประจำ
337,2026-07-03,ระนอง,ภาคใต้,วัตถุดิบ,5,607.12,4.0,ลูกค้าประจำ
338,2026-08-29,สุโขทัย,ภาคกลาง,วัตถุดิบ,4,662.15,4.6,ลูกค้าประจำ
339,2026-01-24,บึงกาฬ,ภาคตะวันออกเฉียงเหนือ,ขนมและเบเกอรี่,3,298.7,4.3,ลูกค้าใหม่
340,2026-08-02,นครปฐม,ภาคกลาง,อาหารพร้อมทาน,3,278.34,3.9,ลูกค้าใหม่
341,2026-05-06,มหาสารคาม,ภาคตะวันออกเฉียงเหนือ,เครื่องดื่ม,4,185.9,4.2,ลูกค้าประจำ
342,2026-03-28,พระนครศรีอยุธยา,ภาคกลาง,วัตถุดิบ,4,725.67,4.6,ลูกค้าประจำ
343,2026-04-05,นครศรีธรรมราช,ภาคใต้,เครื่องดื่ม,5,327.66,4.9,ลูกค้าใหม่
344,2026-01-25,สุราษฎร์ธานี,ภาคใต้,อาหารพร้อมทาน,1,89.07,4.6,ลูกค้าประจำ
345,2026-03-19,นครนายก,ภาคกลาง,เครื่องดื่ม,1,48.74,3.5,ลูกค้าประจำ
346,2026-09-05,ร้อยเอ็ด,ภาคตะวันออกเฉียงเหนือ,อาหารพร้อมทาน,5,539.59,4.5,ลูกค้าใหม่
347,2026-01-07,กรุงเทพมหานคร,ภาคกลาง,อาหารสุขภาพ,5,484.86,3.5,ลูกค้าประจำ
348,2026-08-09,สุรินทร์,ภาคตะวันออกเฉียงเหนือ,ขนมและเบเกอรี่,1,55.42,4.7,ลูกค้าใหม่
349,2026-05-04,เชียงใหม่,ภาคเหนือ,อาหารพร้อมทาน,5,492.23,3.8,ลูกค้าประจำ
350,2026-07-11,ยโสธร,ภาคตะวันออกเฉียงเหนือ,ขนมและเบเกอรี่,4,359.72,4.9,ลูกค้าประจำ
351,2026-02-11,อำนาจเจริญ,ภาคตะวันออกเฉียงเหนือ,เครื่องดื่ม,2,140.1,4.5,ลูกค้าใหม่
352,2026-09-01,ชุมพร,ภาคใต้,วัตถุดิบ,4,936.29,3.6,ลูกค้าใหม่
353,2026-06-19,นครศรีธรรมราช,ภาคใต้,อาหารพร้อมทาน,4,553.77,4.3,ลูกค้าใหม่
354,2026-09-01,สุราษฎร์ธานี,ภาคใต้,อาหารพร้อมทาน,2,230.4,3.9,ลูกค้าใหม่
355,2026-01-17,พิจิตร,ภาคกลาง,อาหารสุขภาพ,5,676.77,3.8,ลูกค้าประจำ
356,2026-07-23,กาญจนบุรี,ภาคตะวันตก,เครื่องดื่ม,5,243.54,4.9,ลูกค้าประจำ
357,2026-07-19,นครราชสีมา,ภาคตะวันออกเฉียงเหนือ,อาหารสุขภาพ,2,286.67,4.5,ลูกค้าประจำ
358,2026-06-27,ระยอง,ภาคตะวันออก,เครื่องดื่ม,1,54.28,3.6,ลูกค้าประจำ
359,2026-07-23,ประจวบคีรีขันธ์,ภาคตะวันตก,อาหารพร้อมทาน,3,350.14,5.0,ลูกค้าประจำ
360,2026-04-27,กาฬสินธุ์,ภาคตะวันออกเฉียงเหนือ,ขนมและเบเกอรี่,4,286.34,4.0,ลูกค้าประจำ
361,2026-07-14,ศรีสะเกษ,ภาคตะวันออกเฉียงเหนือ,เครื่องดื่ม,5,312.12,3.6,ลูกค้าประจำ
362,2026-03-20,ปัตตานี,ภาคใต้,อาหารพร้อมทาน,1,165.98,4.1,ลูกค้าใหม่
363,2026-02-16,ระยอง,ภาคตะวันออก,ขนมและเบเกอรี่,3,277.25,3.5,ลูกค้าประจำ
364,2026-03-09,สกลนคร,ภาคตะวันออกเฉียงเหนือ,ขนมและเบเกอรี่,3,313.62,3.6,ลูกค้าประจำ
365,2026-07-28,สงขลา,ภาคใต้,อาหารสุขภาพ,5,844.23,3.7,ลูกค้าใหม่
366,2026-06-16,ยโสธร,ภาคตะวันออกเฉียงเหนือ,อาหารสุขภาพ,1,129.56,4.8,ลูกค้าใหม่
367,2026-05-05,เพชรบุรี,ภาคตะวันตก,วัตถุดิบ,4,760.34,4.4,ลูกค้าใหม่
368,2026-06-04,ระนอง,ภาคใต้,เครื่องดื่ม,2,130.41,3.9,ลูกค้าใหม่
369,2026-08-04,ชลบุรี,ภาคตะวันออก,เครื่องดื่ม,4,266.35,3.9,ลูกค้าใหม่
370,2026-09-11,ยะลา,ภาคใต้,ขนมและเบเกอรี่,2,130.29,4.4,ลูกค้าใหม่
371,2026-01-04,สตูล,ภาคใต้,อาหารพร้อมทาน,2,241.47,4.9,ลูกค้าประจำ
372,2026-08-09,ระนอง,ภาคใต้,ขนมและเบเกอรี่,4,427.31,4.7,ลูกค้าใหม่
373,2026-04-13,เพชรบูรณ์,ภาคกลาง,ขนมและเบเกอรี่,5,550.22,4.2,ลูกค้าใหม่
374,2026-09-09,ราชบุรี,ภาคตะวันตก,ขนมและเบเกอรี่,3,300.35,5.0,ลูกค้าใหม่
375,2026-07-06,ภูเก็ต,ภาคใต้,วัตถุดิบ,3,789.15,3.7,ลูกค้าใหม่
376,2026-01-14,อุทัยธานี,ภาคกลาง,อาหารสุขภาพ,2,219.82,4.9,ลูกค้าประจำ
377,2026-02-05,บึงกาฬ,ภาคตะวันออกเฉียงเหนือ,วัตถุดิบ,3,559.1,4.7,ลูกค้าประจำ
378,2026-05-10,สระบุรี,ภาคกลาง,เครื่องดื่ม,3,203.94,4.5,ลูกค้าประจำ
379,2026-09-03,ระนอง,ภาคใต้,อาหารพร้อมทาน,4,668.5,4.4,ลูกค้าประจำ
380,2026-02-13,หนองคาย,ภาคตะวันออกเฉียงเหนือ,อาหารพร้อมทาน,3,244.17,3.7,ลูกค้าใหม่
381,2026-07-24,ยโสธร,ภาคตะวันออกเฉียงเหนือ,เครื่องดื่ม,5,256.77,5.0,ลูกค้าประจำ
382,2026-05-13,ศรีสะเกษ,ภาคตะวันออกเฉียงเหนือ,อาหารพร้อมทาน,1,102.02,3.8,ลูกค้าใหม่
383,2026-09-14,สงขลา,ภาคใต้,ขนมและเบเกอรี่,4,169.32,3.7,ลูกค้าใหม่
384,2026-02-13,สมุทรสาคร,ภาคกลาง,อาหารพร้อมทาน,3,297.05,3.7,ลูกค้าใหม่
385,2026-04-16,แม่ฮ่องสอน,ภาคเหนือ,ขนมและเบเกอรี่,3,219.37,4.3,ลูกค้าประจำ
386,2026-08-20,สมุทรสงคราม,ภาคกลาง,อาหารพร้อมทาน,4,423.34,4.0,ลูกค้าประจำ
387,2026-02-25,ขอนแก่น,ภาคตะวันออกเฉียงเหนือ,อาหารพร้อมทาน,1,130.25,4.5,ลูกค้าใหม่
388,2026-03-23,ปัตตานี,ภาคใต้,อาหารสุขภาพ,2,423.08,4.0,ลูกค้าประจำ
389,2026-04-05,สมุทรปราการ,ภาคกลาง,เครื่องดื่ม,4,273.51,3.8,ลูกค้าประจำ
390,2026-08-19,ราชบุรี,ภาคตะวันตก,อาหารพร้อมทาน,5,513.46,4.4,ลูกค้าประจำ
391,2026-02-02,กรุงเทพมหานคร,ภาคกลาง,เครื่องดื่ม,2,100.8,4.4,ลูกค้าใหม่
392,2026-02-28,ยะลา,ภาคใต้,ขนมและเบเกอรี่,2,202.7,3.9,ลูกค้าประจำ
393,2026-07-20,สุราษฎร์ธานี,ภาคใต้,ขนมและเบเกอรี่,5,302.31,4.4,ลูกค้าประจำ
394,2026-06-02,ยโสธร,ภาคตะวันออกเฉียงเหนือ,วัตถุดิบ,5,1312.08,4.9,ลูกค้าใหม่
395,2026-06-06,นครนายก,ภาคกลาง,ขนมและเบเกอรี่,1,123.01,3.7,ลูกค้าประจำ
396,2026-03-12,นครปฐม,ภาคกลาง,อาหารสุขภาพ,4,536.69,4.4,ลูกค้าประจำ
397,2026-03-30,นนทบุรี,ภาคกลาง,วัตถุดิบ,5,437.36,4.3,ลูกค้าประจำ
398,2026-08-19,พิษณุโลก,ภาคกลาง,เครื่องดื่ม,2,174.0,4.4,ลูกค้าประจำ
399,2026-07-16,กระบี่,ภาคใต้,วัตถุดิบ,2,349.69,4.9,ลูกค้าประจำ
400,2026-08-16,ลำปาง,ภาคเหนือ,วัตถุดิบ,4,801.39,4.2,ลูกค้าใหม่
401,2026-01-17,อำนาจเจริญ,ภาคตะวันออกเฉียงเหนือ,อาหารพร้อมทาน,2,144.33,3.9,ลูกค้าประจำ
402,2026-09-11,นครศรีธรรมราช,ภาคใต้,วัตถุดิบ,5,650.37,4.3,ลูกค้าใหม่
403,2026-07-07,อุดรธานี,ภาคตะวันออกเฉียงเหนือ,อาหารพร้อมทาน,3,324.42,4.3,ลูกค้าใหม่
404,2026-02-22,สกลนคร,ภาคตะวันออกเฉียงเหนือ,อาหารสุขภาพ,2,307.57,4.6,ลูกค้าใหม่
405,2026-06-28,เพชรบูรณ์,ภาคกลาง,อาหารพร้อมทาน,4,425.99,4.8,ลูกค้าใหม่
406,2026-06-29,สกลนคร,ภาคตะวันออกเฉียงเหนือ,อาหารพร้อมทาน,2,277.37,4.8,ลูกค้าประจำ
407,2026-04-16,นครศรีธรรมราช,ภาคใต้,อาหารสุขภาพ,2,234.59,4.7,ลูกค้าประจำ
408,2026-03-28,สุรินทร์,ภาคตะวันออกเฉียงเหนือ,ขนมและเบเกอรี่,5,412.28,4.0,ลูกค้าประจำ
409,2026-02-18,เพชรบุรี,ภาคตะวันตก,อาหารสุขภาพ,3,444.99,3.7,ลูกค้าประจำ
410,2026-03-09,ฉะเชิงเทรา,ภาคตะวันออก,ขนมและเบเกอรี่,2,182.27,3.9,ลูกค้าประจำ
411,2026-05-18,ปัตตานี,ภาคใต้,วัตถุดิบ,4,848.09,4.4,ลูกค้าประจำ
412,2026-09-21,สงขลา,ภาคใต้,อาหารพร้อมทาน,1,81.95,4.6,ลูกค้าประจำ
413,2026-01-02,สตูล,ภาคใต้,วัตถุดิบ,3,299.61,4.8,ลูกค้าใหม่
414,2026-07-23,สตูล,ภาคใต้,ขนมและเบเกอรี่,1,112.81,3.8,ลูกค้าประจำ
415,2026-05-26,บุรีรัมย์,ภาคตะวันออกเฉียงเหนือ,วัตถุดิบ,3,584.86,4.0,ลูกค้าใหม่
416,2026-01-25,อำนาจเจริญ,ภาคตะวันออกเฉียงเหนือ,วัตถุดิบ,3,373.11,3.6,ลูกค้าประจำ
417,2026-08-22,กาญจนบุรี,ภาคตะวันตก,อาหารพร้อมทาน,2,316.42,3.5,ลูกค้าประจำ
418,2026-05-21,น่าน,ภาคเหนือ,เครื่องดื่ม,3,200.64,3.6,ลูกค้าประจำ
419,2026-03-26,พระนครศรีอยุธยา,ภาคกลาง,อาหารพร้อมทาน,3,396.22,3.6,ลูกค้าประจำ
420,2026-02-18,ประจวบคีรีขันธ์,ภาคตะวันตก,วัตถุดิบ,1,155.58,3.5,ลูกค้าประจำ
421,2026-09-23,ชัยนาท,ภาคกลาง,เครื่องดื่ม,5,492.44,4.5,ลูกค้าใหม่
422,2026-03-09,กระบี่,ภาคใต้,ขนมและเบเกอรี่,1,129.85,4.2,ลูกค้าใหม่
423,2026-06-10,ระยอง,ภาคตะวันออก,อาหารพร้อมทาน,1,112.53,4.1,ลูกค้าประจำ
424,2026-03-15,นครนายก,ภาคกลาง,วัตถุดิบ,2,380.33,3.6,ลูกค้าใหม่
425,2026-04-20,นครศรีธรรมราช,ภาคใต้,วัตถุดิบ,3,533.06,4.4,ลูกค้าใหม่
426,2026-02-14,ลำปาง,ภาคเหนือ,อาหารสุขภาพ,4,858.98,4.8,ลูกค้าใหม่
427,2026-08-08,ตราด,ภาคตะวันออก,อาหารสุขภาพ,4,485.61,4.0,ลูกค้าใหม่
428,2026-05-26,ปัตตานี,ภาคใต้,ขนมและเบเกอรี่,1,111.29,4.7,ลูกค้าใหม่
429,2026-09-18,เพชรบูรณ์,ภาคกลาง,เครื่องดื่ม,5,369.9,3.8,ลูกค้าประจำ
430,2026-07-17,เพชรบุรี,ภาคตะวันตก,อาหารพร้อมทาน,2,127.75,3.7,ลูกค้าประจำ
431,2026-07-04,อุบลราชธานี,ภาคตะวันออกเฉียงเหนือ,อาหารพร้อมทาน,5,422.51,4.9,ลูกค้าใหม่
432,2026-03-30,ระยอง,ภาคตะวันออก,อาหารสุขภาพ,4,313.72,4.6,ลูกค้าใหม่
433,2026-05-15,กาญจนบุรี,ภาคตะวันตก,อาหารสุขภาพ,1,149.22,3.8,ลูกค้าใหม่
434,2026-09-14,ราชบุรี,ภาคตะวันตก,อาหารสุขภาพ,3,481.19,4.7,ลูกค้าประจำ
435,2026-03-20,ลพบุรี,ภาคกลาง,อาหารพร้อมทาน,5,742.82,3.9,ลูกค้าประจำ
436,2026-06-17,ชัยภูมิ,ภาคตะวันออกเฉียงเหนือ,อาหารสุขภาพ,2,325.93,4.1,ลูกค้าใหม่
437,2026-05-06,แพร่,ภาคเหนือ,วัตถุดิบ,2,506.58,3.6,ลูกค้าประจำ
438,2026-01-29,ตรัง,ภาคใต้,วัตถุดิบ,5,530.53,4.0,ลูกค้าใหม่
439,2026-01-06,ตราด,ภาคตะวันออก,อาหารพร้อมทาน,2,117.13,3.7,ลูกค้าประจำ
440,2026-07-10,สุพรรณบุรี,ภาคกลาง,อาหารสุขภาพ,3,473.33,3.7,ลูกค้าประจำ
441,2026-05-20,ตราด,ภาคตะวันออก,อาหารพร้อมทาน,3,374.84,4.3,ลูกค้าประจำ
442,2026-09-19,อุดรธานี,ภาคตะวันออกเฉียงเหนือ,อาหารพร้อมทาน,4,452.27,4.0,ลูกค้าประจำ
443,2026-05-11,อำนาจเจริญ,ภาคตะวันออกเฉียงเหนือ,เครื่องดื่ม,3,94.21,4.7,ลูกค้าใหม่
444,2026-01-07,ประจวบคีรีขันธ์,ภาคตะวันตก,อาหารสุขภาพ,1,156.44,3.9,ลูกค้าประจำ
445,2026-01-19,ยะลา,ภาคใต้,วัตถุดิบ,2,242.6,4.3,ลูกค้าประจำ
446,2026-06-13,ปทุมธานี,ภาคกลาง,ขนมและเบเกอรี่,2,210.72,3.9,ลูกค้าใหม่
447,2026-01-27,อุดรธานี,ภาคตะวันออกเฉียงเหนือ,ขนมและเบเกอรี่,1,93.34,3.8,ลูกค้าใหม่
448,2026-06-09,ลพบุรี,ภาคกลาง,อาหารพร้อมทาน,4,367.21,4.0,ลูกค้าประจำ
449,2026-06-05,กระบี่,ภาคใต้,ขนมและเบเกอรี่,2,165.59,4.6,ลูกค้าใหม่
450,2026-04-11,สมุทรปราการ,ภาคกลาง,ขนมและเบเกอรี่,5,331.76,4.6,ลูกค้าใหม่
451,2026-04-30,นครพนม,ภาคตะวันออกเฉียงเหนือ,อาหารพร้อมทาน,4,472.48,4.3,ลูกค้าใหม่
452,2026-06-07,มหาสารคาม,ภาคตะวันออกเฉียงเหนือ,อาหารพร้อมทาน,4,505.42,3.7,ลูกค้าใหม่
453,2026-05-24,ลำพูน,ภาคเหนือ,วัตถุดิบ,1,135.64,3.6,ลูกค้าใหม่
454,2026-02-13,สุพรรณบุรี,ภาคกลาง,วัตถุดิบ,3,577.64,4.4,ลูกค้าใหม่
455,2026-02-01,ราชบุรี,ภาคตะวันตก,อาหารพร้อมทาน,5,468.42,4.2,ลูกค้าใหม่
456,2026-07-21,ปราจีนบุรี,ภาคตะวันออก,ขนมและเบเกอรี่,3,228.51,4.6,ลูกค้าประจำ
457,2026-02-08,พะเยา,ภาคเหนือ,วัตถุดิบ,3,525.55,4.9,ลูกค้าใหม่
458,2026-03-26,อุตรดิตถ์,ภาคเหนือ,อาหารพร้อมทาน,2,177.89,4.2,ลูกค้าประจำ
459,2026-04-17,ลำปาง,ภาคเหนือ,อาหารพร้อมทาน,5,516.95,4.2,ลูกค้าประจำ
460,2026-06-05,พังงา,ภาคใต้,อาหารพร้อมทาน,1,84.06,4.7,ลูกค้าใหม่
461,2026-05-08,บุรีรัมย์,ภาคตะวันออกเฉียงเหนือ,ขนมและเบเกอรี่,2,283.32,5.0,ลูกค้าประจำ
462,2026-03-31,สุโขทัย,ภาคกลาง,อาหารพร้อมทาน,3,363.17,3.5,ลูกค้าประจำ
463,2026-02-18,สงขลา,ภาคใต้,อาหารสุขภาพ,5,660.05,4.2,ลูกค้าใหม่
464,2026-03-08,ตราด,ภาคตะวันออก,อาหารพร้อมทาน,1,126.42,3.8,ลูกค้าประจำ
465,2026-05-13,ร้อยเอ็ด,ภาคตะวันออกเฉียงเหนือ,อาหารพร้อมทาน,5,524.84,4.9,ลูกค้าใหม่
466,2026-08-16,กาญจนบุรี,ภาคตะวันตก,อาหารพร้อมทาน,2,192.73,4.7,ลูกค้าใหม่
467,2026-01-26,มหาสารคาม,ภาคตะวันออกเฉียงเหนือ,อาหารพร้อมทาน,1,131.5,3.8,ลูกค้าประจำ
468,2026-08-07,ราชบุรี,ภาคตะวันตก,วัตถุดิบ,1,203.38,3.8,ลูกค้าใหม่
469,2026-03-18,นนทบุรี,ภาคกลาง,ขนมและเบเกอรี่,3,234.84,3.6,ลูกค้าใหม่
470,2026-09-03,เพชรบุรี,ภาคตะวันตก,วัตถุดิบ,4,554.72,3.6,ลูกค้าประจำ
471,2026-09-27,ระยอง,ภาคตะวันออก,เครื่องดื่ม,4,242.12,3.9,ลูกค้าใหม่
472,2026-09-06,ระนอง,ภาคใต้,ขนมและเบเกอรี่,4,145.19,4.0,ลูกค้าประจำ
473,2026-06-13,ระยอง,ภาคตะวันออก,ขนมและเบเกอรี่,2,118.03,4.4,ลูกค้าใหม่
474,2026-07-03,พิจิตร,ภาคกลาง,อาหารพร้อมทาน,4,579.62,4.7,ลูกค้าใหม่
475,2026-05-04,นครราชสีมา,ภาคตะวันออกเฉียงเหนือ,อาหารพร้อมทาน,2,287.89,3.9,ลูกค้าใหม่
476,2026-03-30,ปทุมธานี,ภาคกลาง,อาหารสุขภาพ,4,600.15,3.8,ลูกค้าประจำ
477,2026-06-30,ยโสธร,ภาคตะวันออกเฉียงเหนือ,อาหารสุขภาพ,1,155.6,4.9,ลูกค้าใหม่
478,2026-06-08,อำนาจเจริญ,ภาคตะวันออกเฉียงเหนือ,เครื่องดื่ม,4,252.21,3.8,ลูกค้าใหม่
479,2026-04-23,ชุมพร,ภาคใต้,อาหารพร้อมทาน,2,382.26,3.5,ลูกค้าประจำ
480,2026-03-08,กรุงเทพมหานคร,ภาคกลาง,ขนมและเบเกอรี่,5,607.95,4.0,ลูกค้าใหม่
481,2026-03-14,ภูเก็ต,ภาคใต้,อาหารพร้อมทาน,1,116.16,4.7,ลูกค้าประจำ
482,2026-02-21,ชัยนาท,ภาคกลาง,ขนมและเบเกอรี่,4,260.3,4.0,ลูกค้าประจำ
483,2026-09-07,นครนายก,ภาคกลาง,เครื่องดื่ม,4,132.24,4.5,ลูกค้าใหม่
484,2026-03-31,อ่างทอง,ภาคกลาง,อาหารสุขภาพ,3,504.42,4.1,ลูกค้าประจำ
485,2026-07-20,ตาก,ภาคตะวันตก,เครื่องดื่ม,1,44.8,4.8,ลูกค้าใหม่
486,2026-04-24,นนทบุรี,ภาคกลาง,อาหารสุขภาพ,3,278.4,4.5,ลูกค้าใหม่
487,2026-02-09,สระบุรี,ภาคกลาง,เครื่องดื่ม,3,138.96,3.9,ลูกค้าประจำ
488,2026-01-06,นครศรีธรรมราช,ภาคใต้,อาหารพร้อมทาน,3,249.53,3.9,ลูกค้าใหม่
489,2026-01-01,ชลบุรี,ภาคตะวันออก,ขนมและเบเกอรี่,3,405.21,3.6,ลูกค้าประจำ
490,2026-07-13,ลำพูน,ภาคเหนือ,เครื่องดื่ม,4,301.44,4.0,ลูกค้าประจำ
491,2026-04-26,เชียงราย,ภาคเหนือ,วัตถุดิบ,5,763.48,3.7,ลูกค้าใหม่
492,2026-05-14,กำแพงเพชร,ภาคกลาง,ขนมและเบเกอรี่,1,130.15,4.9,ลูกค้าใหม่
493,2026-02-08,มุกดาหาร,ภาคตะวันออกเฉียงเหนือ,เครื่องดื่ม,4,265.03,4.3,ลูกค้าใหม่
494,2026-01-16,มุกดาหาร,ภาคตะวันออกเฉียงเหนือ,อาหารสุขภาพ,5,596.36,4.1,ลูกค้าใหม่
495,2026-06-19,ศรีสะเกษ,ภาคตะวันออกเฉียงเหนือ,เครื่องดื่ม,1,89.75,3.8,ลูกค้าใหม่
496,2026-05-25,ลำปาง,ภาคเหนือ,อาหารสุขภาพ,5,907.78,3.9,ลูกค้าใหม่
497,2026-09-09,จันทบุรี,ภาคตะวันออก,วัตถุดิบ,5,599.96,3.7,ลูกค้าประจำ
498,2026-09-03,กรุงเทพมหานคร,ภาคกลาง,วัตถุดิบ,1,171.43,3.8,ลูกค้าใหม่
499,2026-08-31,บึงกาฬ,ภาคตะวันออกเฉียงเหนือ,เครื่องดื่ม,3,152.31,4.8,ลูกค้าประจำ
500,2026-05-16,ราชบุรี,ภาคตะวันตก,วัตถุดิบ,4,400.43,3.6,ลูกค้าประจำ
501,2026-04-06,นนทบุรี,ภาคกลาง,ขนมและเบเกอรี่,4,467.99,4.2,ลูกค้าประจำ
502,2026-05-18,สกลนคร,ภาคตะวันออกเฉียงเหนือ,วัตถุดิบ,3,797.77,4.3,ลูกค้าใหม่
503,2026-07-31,เชียงราย,ภาคเหนือ,อาหารพร้อมทาน,3,210.72,5.0,ลูกค้าใหม่
504,2026-08-03,หนองบัวลำภู,ภาคตะวันออกเฉียงเหนือ,อาหารพร้อมทาน,4,492.8,4.9,ลูกค้าประจำ
505,2026-02-10,อุดรธานี,ภาคตะวันออกเฉียงเหนือ,เครื่องดื่ม,4,217.71,4.1,ลูกค้าใหม่
506,2026-03-17,สิงห์บุรี,ภาคกลาง,อาหารสุขภาพ,5,632.32,3.7,ลูกค้าประจำ
507,2026-03-06,นครสวรรค์,ภาคกลาง,เครื่องดื่ม,2,110.75,3.6,ลูกค้าใหม่
508,2026-05-13,ศรีสะเกษ,ภาคตะวันออกเฉียงเหนือ,เครื่องดื่ม,2,91.73,4.0,ลูกค้าใหม่
509,2026-06-16,ชุมพร,ภาคใต้,วัตถุดิบ,5,865.37,4.8,ลูกค้าประจำ
510,2026-08-03,กระบี่,ภาคใต้,อาหารสุขภาพ,5,570.43,3.7,ลูกค้าใหม่
511,2026-02-21,นครปฐม,ภาคกลาง,อาหารสุขภาพ,5,768.68,4.9,ลูกค้าใหม่
512,2026-05-16,พิษณุโลก,ภาคกลาง,อาหารสุขภาพ,3,450.27,4.1,ลูกค้าประจำ
513,2026-03-30,อุดรธานี,ภาคตะวันออกเฉียงเหนือ,อาหารสุขภาพ,4,601.77,3.9,ลูกค้าใหม่
514,2026-05-02,ลพบุรี,ภาคกลาง,อาหารพร้อมทาน,4,371.09,3.6,ลูกค้าประจำ
515,2026-06-05,พัทลุง,ภาคใต้,ขนมและเบเกอรี่,1,81.3,4.0,ลูกค้าประจำ
516,2026-08-15,เชียงราย,ภาคเหนือ,เครื่องดื่ม,2,154.55,4.7,ลูกค้าประจำ
517,2026-02-15,พัทลุง,ภาคใต้,วัตถุดิบ,5,860.8,3.8,ลูกค้าใหม่
518,2026-01-29,ลำปาง,ภาคเหนือ,วัตถุดิบ,5,680.05,4.3,ลูกค้าใหม่
519,2026-03-11,ชลบุรี,ภาคตะวันออก,ขนมและเบเกอรี่,5,462.46,4.7,ลูกค้าใหม่
520,2026-05-08,นครสวรรค์,ภาคกลาง,เครื่องดื่ม,2,154.42,3.5,ลูกค้าใหม่
521,2026-08-26,ยะลา,ภาคใต้,เครื่องดื่ม,3,113.62,4.3,ลูกค้าใหม่
522,2026-08-17,กาฬสินธุ์,ภาคตะวันออกเฉียงเหนือ,เครื่องดื่ม,3,210.41,3.8,ลูกค้าประจำ
523,2026-03-25,อุทัยธานี,ภาคกลาง,อาหารสุขภาพ,3,400.49,4.8,ลูกค้าประจำ
524,2026-01-26,ชุมพร,ภาคใต้,ขนมและเบเกอรี่,1,103.12,3.7,ลูกค้าใหม่
525,2026-07-29,ปทุมธานี,ภาคกลาง,เครื่องดื่ม,2,105.19,4.3,ลูกค้าใหม่
526,2026-01-05,สมุทรสงคราม,ภาคกลาง,เครื่องดื่ม,2,64.21,3.8,ลูกค้าประจำ
527,2026-08-24,พิจิตร,ภาคกลาง,วัตถุดิบ,4,427.04,3.9,ลูกค้าประจำ
528,2026-02-22,เพชรบูรณ์,ภาคกลาง,อาหารสุขภาพ,5,769.14,3.5,ลูกค้าประจำ
529,2026-06-02,อ่างทอง,ภาคกลาง,อาหารสุขภาพ,5,851.94,4.5,ลูกค้าประจำ
530,2026-06-16,ชลบุรี,ภาคตะวันออก,ขนมและเบเกอรี่,3,187.48,4.8,ลูกค้าประจำ
531,2026-05-04,เพชรบูรณ์,ภาคกลาง,เครื่องดื่ม,2,135.68,4.8,ลูกค้าประจำ
532,2026-09-12,พะเยา,ภาคเหนือ,เครื่องดื่ม,1,32.3,5.0,ลูกค้าประจำ
533,2026-01-19,ลำพูน,ภาคเหนือ,วัตถุดิบ,4,601.89,4.4,ลูกค้าใหม่
534,2026-09-01,มุกดาหาร,ภาคตะวันออกเฉียงเหนือ,เครื่องดื่ม,5,192.61,4.9,ลูกค้าประจำ
535,2026-04-03,สิงห์บุรี,ภาคกลาง,ขนมและเบเกอรี่,2,135.18,3.9,ลูกค้าประจำ
536,2026-06-21,ตาก,ภาคตะวันตก,ขนมและเบเกอรี่,5,480.63,4.5,ลูกค้าใหม่
537,2026-06-19,ยโสธร,ภาคตะวันออกเฉียงเหนือ,เครื่องดื่ม,3,145.4,4.1,ลูกค้าประจำ
538,2026-02-06,สมุทรปราการ,ภาคกลาง,อาหารพร้อมทาน,4,433.85,4.2,ลูกค้าใหม่
539,2026-06-02,สิงห์บุรี,ภาคกลาง,อาหารพร้อมทาน,4,540.68,4.1,ลูกค้าใหม่
540,2026-08-23,นครนายก,ภาคกลาง,เครื่องดื่ม,3,158.53,3.7,ลูกค้าใหม่
541,2026-04-01,ชัยภูมิ,ภาคตะวันออกเฉียงเหนือ,วัตถุดิบ,3,554.9,4.0,ลูกค้าใหม่
542,2026-03-28,กรุงเทพมหานคร,ภาคกลาง,วัตถุดิบ,3,387.49,4.4,ลูกค้าใหม่
543,2026-08-11,สระแก้ว,ภาคตะวันออก,อาหารพร้อมทาน,2,244.61,4.5,ลูกค้าประจำ
544,2026-01-20,เลย,ภาคตะวันออกเฉียงเหนือ,วัตถุดิบ,4,979.48,4.3,ลูกค้าประจำ
545,2026-01-10,กระบี่,ภาคใต้,ขนมและเบเกอรี่,5,181.49,4.5,ลูกค้าใหม่
546,2026-02-22,ปทุมธานี,ภาคกลาง,ขนมและเบเกอรี่,3,228.22,4.1,ลูกค้าประจำ
547,2026-05-29,นครศรีธรรมราช,ภาคใต้,อาหารพร้อมทาน,1,137.31,4.2,ลูกค้าประจำ
548,2026-07-03,ศรีสะเกษ,ภาคตะวันออกเฉียงเหนือ,เครื่องดื่ม,3,175.85,4.6,ลูกค้าใหม่
549,2026-03-09,ลพบุรี,ภาคกลาง,อาหารพร้อมทาน,2,262.27,3.8,ลูกค้าใหม่
550,2026-07-07,อุทัยธานี,ภาคกลาง,อาหารสุขภาพ,2,271.68,4.6,ลูกค้าใหม่
551,2026-01-25,ระนอง,ภาคใต้,ขนมและเบเกอรี่,5,436.75,4.4,ลูกค้าใหม่
552,2026-03-01,เชียงใหม่,ภาคเหนือ,อาหารพร้อมทาน,1,98.03,4.1,ลูกค้าประจำ
553,2026-03-20,ตราด,ภาคตะวันออก,อาหารสุขภาพ,3,589.13,3.8,ลูกค้าใหม่
554,2026-09-24,เพชรบูรณ์,ภาคกลาง,วัตถุดิบ,1,162.73,3.9,ลูกค้าใหม่
555,2026-03-02,ลำพูน,ภาคเหนือ,อาหารพร้อมทาน,5,553.04,3.9,ลูกค้าใหม่
556,2026-05-15,สระบุรี,ภาคกลาง,เครื่องดื่ม,5,291.53,4.7,ลูกค้าใหม่
557,2026-01-21,ยโสธร,ภาคตะวันออกเฉียงเหนือ,วัตถุดิบ,3,474.17,4.3,ลูกค้าใหม่
558,2026-01-07,สมุทรสาคร,ภาคกลาง,ขนมและเบเกอรี่,2,169.45,4.5,ลูกค้าใหม่
559,2026-09-19,อุดรธานี,ภาคตะวันออกเฉียงเหนือ,วัตถุดิบ,2,395.5,3.6,ลูกค้าใหม่
560,2026-05-16,พระนครศรีอยุธยา,ภาคกลาง,เครื่องดื่ม,4,232.64,4.2,ลูกค้าใหม่
561,2026-06-10,นครสวรรค์,ภาคกลาง,อาหารพร้อมทาน,3,386.08,4.1,ลูกค้าใหม่
562,2026-03-29,เชียงราย,ภาคเหนือ,อาหารพร้อมทาน,1,182.26,4.0,ลูกค้าประจำ
563,2026-04-04,พัทลุง,ภาคใต้,อาหารพร้อมทาน,3,438.4,3.7,ลูกค้าประจำ
564,2026-09-02,สตูล,ภาคใต้,ขนมและเบเกอรี่,4,296.67,4.7,ลูกค้าใหม่
565,2026-02-23,ตรัง,ภาคใต้,เครื่องดื่ม,1,84.52,4.1,ลูกค้าประจำ
566,2026-07-14,อำนาจเจริญ,ภาคตะวันออกเฉียงเหนือ,วัตถุดิบ,2,290.95,4.7,ลูกค้าใหม่
567,2026-07-30,ตาก,ภาคตะวันตก,วัตถุดิบ,4,353.14,4.2,ลูกค้าใหม่
568,2026-09-26,พังงา,ภาคใต้,ขนมและเบเกอรี่,1,60.4,4.7,ลูกค้าใหม่
569,2026-02-18,มุกดาหาร,ภาคตะวันออกเฉียงเหนือ,อาหารสุขภาพ,5,361.97,4.1,ลูกค้าใหม่
570,2026-01-28,สมุทรสาคร,ภาคกลาง,ขนมและเบเกอรี่,4,346.61,3.5,ลูกค้าใหม่
571,2026-02-08,สิงห์บุรี,ภาคกลาง,วัตถุดิบ,4,723.32,4.6,ลูกค้าประจำ
572,2026-09-17,ปราจีนบุรี,ภาคตะวันออก,ขนมและเบเกอรี่,3,404.45,3.8,ลูกค้าประจำ
573,2026-08-16,ลพบุรี,ภาคกลาง,เครื่องดื่ม,1,66.8,4.7,ลูกค้าประจำ
574,2026-03-02,ชุมพร,ภาคใต้,วัตถุดิบ,4,680.56,5.0,ลูกค้าใหม่
575,2026-01-01,เชียงใหม่,ภาคเหนือ,วัตถุดิบ,4,869.29,4.7,ลูกค้าประจำ
576,2026-08-22,สุโขทัย,ภาคกลาง,อาหารสุขภาพ,2,121.64,4.9,ลูกค้าประจำ
577,2026-08-31,จันทบุรี,ภาคตะวันออก,เครื่องดื่ม,4,275.31,4.6,ลูกค้าประจำ
578,2026-04-24,สงขลา,ภาคใต้,อาหารพร้อมทาน,1,121.66,3.5,ลูกค้าประจำ
579,2026-02-24,เพชรบุรี,ภาคตะวันตก,อาหารสุขภาพ,5,504.28,3.6,ลูกค้าใหม่
580,2026-05-11,สระบุรี,ภาคกลาง,เครื่องดื่ม,4,334.34,4.4,ลูกค้าใหม่
581,2026-04-08,ตราด,ภาคตะวันออก,วัตถุดิบ,2,370.94,4.6,ลูกค้าใหม่
582,2026-08-19,ลำพูน,ภาคเหนือ,อาหารพร้อมทาน,5,537.71,4.2,ลูกค้าใหม่
583,2026-01-25,สระบุรี,ภาคกลาง,อาหารพร้อมทาน,5,590.68,4.3,ลูกค้าประจำ
584,2026-03-30,อุตรดิตถ์,ภาคเหนือ,วัตถุดิบ,5,1410.91,4.6,ลูกค้าใหม่
585,2026-06-14,เชียงใหม่,ภาคเหนือ,วัตถุดิบ,5,846.83,4.3,ลูกค้าประจำ
586,2026-07-23,ลำพูน,ภาคเหนือ,อาหารสุขภาพ,2,339.86,4.9,ลูกค้าประจำ
587,2026-09-20,สงขลา,ภาคใต้,เครื่องดื่ม,2,109.32,3.9,ลูกค้าประจำ
588,2026-05-29,หนองบัวลำภู,ภาคตะวันออกเฉียงเหนือ,เครื่องดื่ม,2,102.38,4.5,ลูกค้าใหม่
589,2026-06-15,นครสวรรค์,ภาคกลาง,อาหารสุขภาพ,5,821.16,4.6,ลูกค้าประจำ
590,2026-08-02,อ่างทอง,ภาคกลาง,วัตถุดิบ,5,636.64,4.5,ลูกค้าประจำ
591,2026-01-13,เลย,ภาคตะวันออกเฉียงเหนือ,อาหารพร้อมทาน,5,610.73,4.1,ลูกค้าใหม่
592,2026-05-27,ฉะเชิงเทรา,ภาคตะวันออก,เครื่องดื่ม,3,171.71,4.5,ลูกค้าใหม่
593,2026-01-17,ฉะเชิงเทรา,ภาคตะวันออก,ขนมและเบเกอรี่,2,191.48,4.0,ลูกค้าประจำ
594,2026-07-19,เชียงใหม่,ภาคเหนือ,อาหารสุขภาพ,5,866.73,3.9,ลูกค้าประจำ
595,2026-06-10,จันทบุรี,ภาคตะวันออก,วัตถุดิบ,4,861.42,4.9,ลูกค้าใหม่
596,2026-08-15,กระบี่,ภาคใต้,ขนมและเบเกอรี่,2,149.2,4.7,ลูกค้าประจำ
597,2026-04-10,อุทัยธานี,ภาคกลาง,อาหารสุขภาพ,5,746.03,3.9,ลูกค้าใหม่
598,2026-09-21,ชัยนาท,ภาคกลาง,เครื่องดื่ม,2,83.46,3.7,ลูกค้าใหม่
599,2026-03-08,เลย,ภาคตะวันออกเฉียงเหนือ,ขนมและเบเกอรี่,5,422.24,3.7,ลูกค้าประจำ
600,2026-03-21,กรุงเทพมหานคร,ภาคกลาง,ขนมและเบเกอรี่,4,353.47,3.6,ลูกค้าประจำ
601,2026-06-04,อุบลราชธานี,ภาคตะวันออกเฉียงเหนือ,อาหารพร้อมทาน,5,606.52,4.2,ลูกค้าประจำ
602,2026-04-05,ชัยนาท,ภาคกลาง,ขนมและเบเกอรี่,5,365.49,4.3,ลูกค้าใหม่
603,2026-02-17,ลำพูน,ภาคเหนือ,อาหารสุขภาพ,5,925.23,4.0,ลูกค้าใหม่
604,2026-04-22,มหาสารคาม,ภาคตะวันออกเฉียงเหนือ,ขนมและเบเกอรี่,3,381.59,4.9,ลูกค้าประจำ
605,2026-06-27,อ่างทอง,ภาคกลาง,อาหารพร้อมทาน,1,112.54,4.2,ลูกค้าใหม่
606,2026-07-17,ขอนแก่น,ภาคตะวันออกเฉียงเหนือ,ขนมและเบเกอรี่,4,558.3,3.9,ลูกค้าประจำ
607,2026-09-18,กาฬสินธุ์,ภาคตะวันออกเฉียงเหนือ,อาหารสุขภาพ,3,348.43,4.2,ลูกค้าใหม่
608,2026-02-12,เพชรบุรี,ภาคตะวันตก,เครื่องดื่ม,3,120.89,4.9,ลูกค้าใหม่
609,2026-02-03,สุรินทร์,ภาคตะวันออกเฉียงเหนือ,อาหารสุขภาพ,1,75.52,3.8,ลูกค้าใหม่
610,2026-08-11,เลย,ภาคตะวันออกเฉียงเหนือ,อาหารพร้อมทาน,2,296.79,4.5,ลูกค้าใหม่
611,2026-06-19,นครพนม,ภาคตะวันออกเฉียงเหนือ,อาหารพร้อมทาน,4,474.75,3.6,ลูกค้าใหม่
612,2026-02-06,จันทบุรี,ภาคตะวันออก,เครื่องดื่ม,3,173.06,4.4,ลูกค้าใหม่
613,2026-07-27,พังงา,ภาคใต้,วัตถุดิบ,4,731.87,4.1,ลูกค้าใหม่
614,2026-02-02,ระยอง,ภาคตะวันออก,อาหารพร้อมทาน,5,431.18,4.6,ลูกค้าใหม่
615,2026-05-29,ชัยนาท,ภาคกลาง,ขนมและเบเกอรี่,5,765.43,4.7,ลูกค้าประจำ
616,2026-07-22,ชุมพร,ภาคใต้,ขนมและเบเกอรี่,4,372.66,4.7,ลูกค้าใหม่
617,2026-03-11,สมุทรสงคราม,ภาคกลาง,เครื่องดื่ม,5,333.89,4.6,ลูกค้าประจำ
618,2026-03-14,นครปฐม,ภาคกลาง,ขนมและเบเกอรี่,3,336.71,3.7,ลูกค้าใหม่
619,2026-02-13,อุดรธานี,ภาคตะวันออกเฉียงเหนือ,อาหารสุขภาพ,4,645.27,4.0,ลูกค้าประจำ
620,2026-03-24,บุรีรัมย์,ภาคตะวันออกเฉียงเหนือ,วัตถุดิบ,5,950.37,3.8,ลูกค้าประจำ
621,2026-01-28,นราธิวาส,ภาคใต้,อาหารพร้อมทาน,2,163.69,4.8,ลูกค้าประจำ
622,2026-02-04,หนองบัวลำภู,ภาคตะวันออกเฉียงเหนือ,อาหารพร้อมทาน,3,342.07,3.9,ลูกค้าใหม่
623,2026-03-07,อุตรดิตถ์,ภาคเหนือ,วัตถุดิบ,3,794.07,4.5,ลูกค้าใหม่
624,2026-04-10,เชียงราย,ภาคเหนือ,ขนมและเบเกอรี่,5,634.77,4.0,ลูกค้าประจำ
625,2026-03-20,มหาสารคาม,ภาคตะวันออกเฉียงเหนือ,อาหารสุขภาพ,3,570.51,4.3,ลูกค้าประจำ
626,2026-06-10,พะเยา,ภาคเหนือ,วัตถุดิบ,2,313.99,3.9,ลูกค้าใหม่
627,2026-06-19,ศรีสะเกษ,ภาคตะวันออกเฉียงเหนือ,ขนมและเบเกอรี่,3,214.49,4.8,ลูกค้าประจำ
628,2026-02-25,สงขลา,ภาคใต้,ขนมและเบเกอรี่,3,262.24,3.8,ลูกค้าใหม่
629,2026-05-15,พิจิตร,ภาคกลาง,เครื่องดื่ม,5,329.53,4.6,ลูกค้าใหม่
630,2026-01-16,ชัยนาท,ภาคกลาง,อาหารพร้อมทาน,5,649.51,4.7,ลูกค้าประจำ
631,2026-05-14,อุทัยธานี,ภาคกลาง,เครื่องดื่ม,1,33.75,4.3,ลูกค้าประจำ
632,2026-05-29,นครพนม,ภาคตะวันออกเฉียงเหนือ,ขนมและเบเกอรี่,4,525.31,3.7,ลูกค้าใหม่
633,2026-05-03,ราชบุรี,ภาคตะวันตก,ขนมและเบเกอรี่,5,456.24,4.8,ลูกค้าใหม่
634,2026-04-02,สุโขทัย,ภาคกลาง,เครื่องดื่ม,4,232.25,4.3,ลูกค้าใหม่
635,2026-09-07,สมุทรสาคร,ภาคกลาง,ขนมและเบเกอรี่,1,70.96,3.8,ลูกค้าประจำ
636,2026-04-16,ร้อยเอ็ด,ภาคตะวันออกเฉียงเหนือ,เครื่องดื่ม,1,32.39,4.3,ลูกค้าประจำ
637,2026-01-21,ระยอง,ภาคตะวันออก,วัตถุดิบ,4,868.17,5.0,ลูกค้าประจำ
638,2026-05-15,เชียงใหม่,ภาคเหนือ,อาหารสุขภาพ,3,415.48,4.4,ลูกค้าใหม่
639,2026-02-09,ระนอง,ภาคใต้,วัตถุดิบ,3,329.27,4.3,ลูกค้าประจำ
640,2026-06-26,ปทุมธานี,ภาคกลาง,อาหารสุขภาพ,4,432.79,4.2,ลูกค้าประจำ
641,2026-03-26,กรุงเทพมหานคร,ภาคกลาง,อาหารสุขภาพ,2,278.48,3.8,ลูกค้าประจำ
642,2026-07-05,บุรีรัมย์,ภาคตะวันออกเฉียงเหนือ,เครื่องดื่ม,2,184.24,4.4,ลูกค้าใหม่
643,2026-02-28,ประจวบคีรีขันธ์,ภาคตะวันตก,วัตถุดิบ,3,429.21,4.2,ลูกค้าประจำ
644,2026-07-30,สมุทรสาคร,ภาคกลาง,เครื่องดื่ม,5,202.87,3.5,ลูกค้าใหม่
645,2026-03-10,ตาก,ภาคตะวันตก,อาหารสุขภาพ,5,750.85,4.4,ลูกค้าใหม่
646,2026-05-13,อุดรธานี,ภาคตะวันออกเฉียงเหนือ,เครื่องดื่ม,1,60.57,4.9,ลูกค้าประจำ
647,2026-05-26,อุบลราชธานี,ภาคตะวันออกเฉียงเหนือ,อาหารสุขภาพ,1,44.31,4.9,ลูกค้าใหม่
648,2026-03-29,สงขลา,ภาคใต้,อาหารสุขภาพ,4,599.75,3.8,ลูกค้าประจำ
649,2026-09-19,อุบลราชธานี,ภาคตะวันออกเฉียงเหนือ,เครื่องดื่ม,5,306.24,3.9,ลูกค้าประจำ
650,2026-04-28,สตูล,ภาคใต้,อาหารสุขภาพ,5,939.24,4.1,ลูกค้าใหม่
651,2026-09-16,เชียงใหม่,ภาคเหนือ,อาหารพร้อมทาน,2,315.84,4.5,ลูกค้าใหม่
652,2026-01-20,เชียงราย,ภาคเหนือ,เครื่องดื่ม,4,299.9,4.8,ลูกค้าใหม่
653,2026-01-01,ชุมพร,ภาคใต้,วัตถุดิบ,2,302.22,4.8,ลูกค้าประจำ
654,2026-09-29,สุพรรณบุรี,ภาคกลาง,วัตถุดิบ,3,390.62,4.1,ลูกค้าประจำ
655,2026-02-20,ระนอง,ภาคใต้,ขนมและเบเกอรี่,5,663.5,4.1,ลูกค้าประจำ
656,2026-07-29,สมุทรสาคร,ภาคกลาง,เครื่องดื่ม,1,65.96,3.9,ลูกค้าใหม่
657,2026-09-24,กรุงเทพมหานคร,ภาคกลาง,อาหารสุขภาพ,5,802.79,3.5,ลูกค้าใหม่
658,2026-03-21,พะเยา,ภาคเหนือ,วัตถุดิบ,3,536.74,4.1,ลูกค้าประจำ
659,2026-07-07,พังงา,ภาคใต้,อาหารสุขภาพ,4,604.52,4.4,ลูกค้าประจำ
660,2026-09-05,บึงกาฬ,ภาคตะวันออกเฉียงเหนือ,วัตถุดิบ,5,780.77,3.8,ลูกค้าประจำ
661,2026-07-23,พระนครศรีอยุธยา,ภาคกลาง,ขนมและเบเกอรี่,5,406.88,4.6,ลูกค้าใหม่
662,2026-04-20,ประจวบคีรีขันธ์,ภาคตะวันตก,วัตถุดิบ,2,310.78,4.3,ลูกค้าประจำ
663,2026-07-19,หนองบัวลำภู,ภาคตะวันออกเฉียงเหนือ,อาหารสุขภาพ,1,158.69,4.9,ลูกค้าใหม่
664,2026-08-11,ชุมพร,ภาคใต้,เครื่องดื่ม,4,202.21,3.6,ลูกค้าประจำ
665,2026-01-20,ปทุมธานี,ภาคกลาง,ขนมและเบเกอรี่,1,70.26,4.6,ลูกค้าประจำ
666,2026-03-31,สุพรรณบุรี,ภาคกลาง,ขนมและเบเกอรี่,5,487.64,4.5,ลูกค้าประจำ
667,2026-04-10,กระบี่,ภาคใต้,เครื่องดื่ม,5,304.28,3.6,ลูกค้าใหม่
668,2026-01-01,นครศรีธรรมราช,ภาคใต้,อาหารพร้อมทาน,3,495.36,5.0,ลูกค้าใหม่
669,2026-07-22,พิจิตร,ภาคกลาง,วัตถุดิบ,3,154.8,4.1,ลูกค้าใหม่
670,2026-05-26,สุพรรณบุรี,ภาคกลาง,อาหารพร้อมทาน,1,152.75,4.6,ลูกค้าประจำ
671,2026-04-10,แม่ฮ่องสอน,ภาคเหนือ,ขนมและเบเกอรี่,2,224.27,4.2,ลูกค้าประจำ
672,2026-07-28,อุดรธานี,ภาคตะวันออกเฉียงเหนือ,อาหารพร้อมทาน,3,173.39,4.3,ลูกค้าใหม่
673,2026-09-20,สิงห์บุรี,ภาคกลาง,ขนมและเบเกอรี่,3,260.58,4.9,ลูกค้าประจำ
674,2026-05-05,สกลนคร,ภาคตะวันออกเฉียงเหนือ,วัตถุดิบ,5,775.6,4.6,ลูกค้าประจำ
675,2026-03-01,สตูล,ภาคใต้,อาหารสุขภาพ,1,98.51,3.9,ลูกค้าประจำ
676,2026-06-30,ปทุมธานี,ภาคกลาง,เครื่องดื่ม,3,149.23,4.3,ลูกค้าใหม่
677,2026-07-24,พังงา,ภาคใต้,เครื่องดื่ม,3,140.86,4.5,ลูกค้าประจำ
678,2026-06-10,ชัยนาท,ภาคกลาง,อาหารสุขภาพ,2,437.17,4.0,ลูกค้าประจำ
679,2026-04-13,นนทบุรี,ภาคกลาง,เครื่องดื่ม,4,272.7,3.9,ลูกค้าใหม่
680,2026-05-08,พังงา,ภาคใต้,เครื่องดื่ม,2,171.33,4.8,ลูกค้าประจำ
681,2026-09-10,นครพนม,ภาคตะวันออกเฉียงเหนือ,อาหารพร้อมทาน,1,141.65,4.4,ลูกค้าใหม่
682,2026-09-10,สมุทรสาคร,ภาคกลาง,ขนมและเบเกอรี่,5,340.93,4.8,ลูกค้าประจำ
683,2026-07-23,สระแก้ว,ภาคตะวันออก,เครื่องดื่ม,5,282.38,3.8,ลูกค้าใหม่
684,2026-01-17,จันทบุรี,ภาคตะวันออก,อาหารสุขภาพ,4,682.38,4.3,ลูกค้าประจำ
685,2026-09-23,นครสวรรค์,ภาคกลาง,วัตถุดิบ,1,106.25,4.2,ลูกค้าใหม่
686,2026-02-21,กระบี่,ภาคใต้,เครื่องดื่ม,4,275.71,4.0,ลูกค้าประจำ
687,2026-05-18,นนทบุรี,ภาคกลาง,อาหารสุขภาพ,3,451.16,4.2,ลูกค้าประจำ
688,2026-04-18,ยะลา,ภาคใต้,เครื่องดื่ม,4,223.85,4.1,ลูกค้าประจำ
689,2026-04-03,ยะลา,ภาคใต้,วัตถุดิบ,3,604.18,4.4,ลูกค้าใหม่
690,2026-08-10,เชียงราย,ภาคเหนือ,ขนมและเบเกอรี่,2,189.99,4.8,ลูกค้าใหม่
691,2026-04-01,นครปฐม,ภาคกลาง,เครื่องดื่ม,4,236.54,4.1,ลูกค้าใหม่
692,2026-06-03,สุพรรณบุรี,ภาคกลาง,อาหารสุขภาพ,3,588.16,3.9,ลูกค้าใหม่
693,2026-04-21,ราชบุรี,ภาคตะวันตก,อาหารพร้อมทาน,2,175.14,4.7,ลูกค้าประจำ
694,2026-07-04,เชียงราย,ภาคเหนือ,วัตถุดิบ,3,623.15,4.0,ลูกค้าประจำ
695,2026-06-29,แม่ฮ่องสอน,ภาคเหนือ,อาหารพร้อมทาน,4,551.17,4.8,ลูกค้าใหม่
696,2026-05-26,อุดรธานี,ภาคตะวันออกเฉียงเหนือ,อาหารสุขภาพ,5,738.09,4.0,ลูกค้าประจำ
697,2026-05-27,สงขลา,ภาคใต้,อาหารพร้อมทาน,4,467.22,4.2,ลูกค้าใหม่
698,2026-07-27,นครศรีธรรมราช,ภาคใต้,ขนมและเบเกอรี่,4,221.97,4.8,ลูกค้าใหม่
699,2026-06-10,ชัยภูมิ,ภาคตะวันออกเฉียงเหนือ,เครื่องดื่ม,3,240.05,4.0,ลูกค้าประจำ
700,2026-08-16,พัทลุง,ภาคใต้,อาหารสุขภาพ,4,610.42,4.7,ลูกค้าประจำ
701,2026-03-27,อุทัยธานี,ภาคกลาง,อาหารสุขภาพ,4,528.55,3.8,ลูกค้าใหม่
702,2026-02-10,ตาก,ภาคตะวันตก,เครื่องดื่ม,3,209.22,3.8,ลูกค้าประจำ
703,2026-01-28,เชียงใหม่,ภาคเหนือ,อาหารพร้อมทาน,1,93.93,3.5,ลูกค้าประจำ
704,2026-03-21,สุราษฎร์ธานี,ภาคใต้,อาหารพร้อมทาน,1,77.75,3.6,ลูกค้าประจำ
705,2026-05-26,แพร่,ภาคเหนือ,เครื่องดื่ม,2,67.5,4.2,ลูกค้าใหม่
706,2026-01-18,ตาก,ภาคตะวันตก,อาหารสุขภาพ,2,368.48,4.5,ลูกค้าประจำ
707,2026-08-16,สมุทรสงคราม,ภาคกลาง,วัตถุดิบ,5,611.9,3.7,ลูกค้าใหม่
708,2026-08-11,อุทัยธานี,ภาคกลาง,อาหารสุขภาพ,4,782.65,4.3,ลูกค้าประจำ
709,2026-02-15,แม่ฮ่องสอน,ภาคเหนือ,วัตถุดิบ,5,431.57,4.2,ลูกค้าประจำ
710,2026-01-06,ลำปาง,ภาคเหนือ,ขนมและเบเกอรี่,2,270.58,3.5,ลูกค้าใหม่
711,2026-01-05,แม่ฮ่องสอน,ภาคเหนือ,ขนมและเบเกอรี่,4,360.04,4.5,ลูกค้าประจำ
712,2026-05-30,สมุทรสาคร,ภาคกลาง,ขนมและเบเกอรี่,1,88.07,4.4,ลูกค้าใหม่
713,2026-08-12,หนองบัวลำภู,ภาคตะวันออกเฉียงเหนือ,ขนมและเบเกอรี่,2,155.91,4.1,ลูกค้าใหม่
714,2026-02-10,ระยอง,ภาคตะวันออก,วัตถุดิบ,2,395.92,4.1,ลูกค้าใหม่
715,2026-09-30,สุพรรณบุรี,ภาคกลาง,อาหารสุขภาพ,3,475.48,4.7,ลูกค้าประจำ
716,2026-05-29,นราธิวาส,ภาคใต้,อาหารพร้อมทาน,2,306.2,3.7,ลูกค้าประจำ
717,2026-04-07,สงขลา,ภาคใต้,ขนมและเบเกอรี่,5,464.14,4.0,ลูกค้าใหม่
718,2026-02-22,จันทบุรี,ภาคตะวันออก,อาหารสุขภาพ,1,166.01,3.9,ลูกค้าใหม่
719,2026-03-19,สกลนคร,ภาคตะวันออกเฉียงเหนือ,อาหารพร้อมทาน,2,218.18,3.5,ลูกค้าใหม่
720,2026-07-10,มุกดาหาร,ภาคตะวันออกเฉียงเหนือ,วัตถุดิบ,3,505.7,4.2,ลูกค้าใหม่
721,2026-05-17,มหาสารคาม,ภาคตะวันออกเฉียงเหนือ,อาหารพร้อมทาน,2,258.47,4.7,ลูกค้าใหม่
722,2026-05-09,หนองคาย,ภาคตะวันออกเฉียงเหนือ,วัตถุดิบ,2,206.08,4.7,ลูกค้าใหม่
723,2026-05-07,ตราด,ภาคตะวันออก,เครื่องดื่ม,4,163.75,4.6,ลูกค้าใหม่
724,2026-04-17,น่าน,ภาคเหนือ,วัตถุดิบ,1,192.1,4.2,ลูกค้าประจำ
725,2026-09-24,ภูเก็ต,ภาคใต้,เครื่องดื่ม,1,57.61,3.7,ลูกค้าประจำ
726,2026-04-22,เพชรบูรณ์,ภาคกลาง,เครื่องดื่ม,3,186.03,5.0,ลูกค้าใหม่
727,2026-05-22,ศรีสะเกษ,ภาคตะวันออกเฉียงเหนือ,ขนมและเบเกอรี่,1,95.44,4.4,ลูกค้าประจำ
728,2026-09-01,ปัตตานี,ภาคใต้,อาหารพร้อมทาน,1,117.38,4.5,ลูกค้าใหม่
729,2026-09-13,ร้อยเอ็ด,ภาคตะวันออกเฉียงเหนือ,อาหารพร้อมทาน,2,207.61,3.6,ลูกค้าประจำ
730,2026-03-20,ฉะเชิงเทรา,ภาคตะวันออก,อาหารพร้อมทาน,3,246.46,4.6,ลูกค้าใหม่
731,2026-06-27,ตาก,ภาคตะวันตก,วัตถุดิบ,2,377.63,4.7,ลูกค้าประจำ
732,2026-03-10,นราธิวาส,ภาคใต้,อาหารพร้อมทาน,4,362.6,3.9,ลูกค้าใหม่
733,2026-09-08,สระแก้ว,ภาคตะวันออก,วัตถุดิบ,5,991.86,3.8,ลูกค้าใหม่
734,2026-08-28,หนองคาย,ภาคตะวันออกเฉียงเหนือ,ขนมและเบเกอรี่,3,139.14,3.9,ลูกค้าใหม่
735,2026-06-01,ชลบุรี,ภาคตะวันออก,อาหารสุขภาพ,2,382.22,4.7,ลูกค้าประจำ
736,2026-04-05,สตูล,ภาคใต้,อาหารพร้อมทาน,5,637.35,4.8,ลูกค้าประจำ
737,2026-07-18,ปราจีนบุรี,ภาคตะวันออก,ขนมและเบเกอรี่,1,85.92,3.8,ลูกค้าประจำ
738,2026-06-15,หนองบัวลำภู,ภาคตะวันออกเฉียงเหนือ,เครื่องดื่ม,5,404.84,4.1,ลูกค้าประจำ
739,2026-02-04,ตรัง,ภาคใต้,อาหารพร้อมทาน,5,722.35,3.6,ลูกค้าใหม่
740,2026-09-06,นครสวรรค์,ภาคกลาง,อาหารพร้อมทาน,2,300.86,3.8,ลูกค้าใหม่
741,2026-05-12,อุดรธานี,ภาคตะวันออกเฉียงเหนือ,วัตถุดิบ,4,349.78,3.6,ลูกค้าใหม่
742,2026-09-09,ชัยนาท,ภาคกลาง,อาหารพร้อมทาน,2,138.74,4.9,ลูกค้าใหม่
743,2026-08-01,สมุทรปราการ,ภาคกลาง,อาหารพร้อมทาน,3,273.39,4.7,ลูกค้าใหม่
744,2026-02-06,พัทลุง,ภาคใต้,อาหารสุขภาพ,1,136.89,4.8,ลูกค้าใหม่
745,2026-04-29,บุรีรัมย์,ภาคตะวันออกเฉียงเหนือ,อาหารสุขภาพ,1,180.71,4.3,ลูกค้าใหม่
746,2026-04-02,นราธิวาส,ภาคใต้,อาหารสุขภาพ,2,235.75,4.3,ลูกค้าประจำ
747,2026-08-23,เชียงใหม่,ภาคเหนือ,อาหารสุขภาพ,3,427.05,4.6,ลูกค้าประจำ
748,2026-07-25,เชียงใหม่,ภาคเหนือ,เครื่องดื่ม,2,94.91,4.3,ลูกค้าใหม่
749,2026-06-11,สุรินทร์,ภาคตะวันออกเฉียงเหนือ,อาหารสุขภาพ,4,542.16,4.3,ลูกค้าประจำ
750,2026-06-15,ร้อยเอ็ด,ภาคตะวันออกเฉียงเหนือ,วัตถุดิบ,4,396.78,4.4,ลูกค้าใหม่
751,2026-08-20,ระนอง,ภาคใต้,อาหารสุขภาพ,3,369.21,4.2,ลูกค้าประจำ
752,2026-01-09,กรุงเทพมหานคร,ภาคกลาง,อาหารพร้อมทาน,3,214.51,4.3,ลูกค้าประจำ
753,2026-06-11,กรุงเทพมหานคร,ภาคกลาง,ขนมและเบเกอรี่,2,143.65,3.5,ลูกค้าประจำ
754,2026-03-21,หนองบัวลำภู,ภาคตะวันออกเฉียงเหนือ,อาหารสุขภาพ,5,909.66,3.6,ลูกค้าประจำ
755,2026-07-07,ยโสธร,ภาคตะวันออกเฉียงเหนือ,เครื่องดื่ม,2,99.14,4.8,ลูกค้าใหม่
756,2026-07-24,ประจวบคีรีขันธ์,ภาคตะวันตก,ขนมและเบเกอรี่,3,472.56,4.4,ลูกค้าใหม่
757,2026-09-07,ชัยนาท,ภาคกลาง,ขนมและเบเกอรี่,4,426.87,4.7,ลูกค้าใหม่
758,2026-07-15,อุบลราชธานี,ภาคตะวันออกเฉียงเหนือ,ขนมและเบเกอรี่,1,84.48,3.6,ลูกค้าใหม่
759,2026-03-03,มหาสารคาม,ภาคตะวันออกเฉียงเหนือ,ขนมและเบเกอรี่,4,283.53,4.8,ลูกค้าใหม่
760,2026-09-26,กระบี่,ภาคใต้,วัตถุดิบ,1,211.51,3.6,ลูกค้าใหม่
761,2026-01-26,ภูเก็ต,ภาคใต้,อาหารสุขภาพ,2,273.95,4.5,ลูกค้าประจำ
762,2026-02-16,สงขลา,ภาคใต้,อาหารสุขภาพ,5,741.96,3.8,ลูกค้าประจำ
763,2026-02-12,ราชบุรี,ภาคตะวันตก,เครื่องดื่ม,2,213.2,4.2,ลูกค้าใหม่
764,2026-07-24,หนองบัวลำภู,ภาคตะวันออกเฉียงเหนือ,วัตถุดิบ,3,527.03,4.3,ลูกค้าใหม่
765,2026-09-07,นครนายก,ภาคกลาง,วัตถุดิบ,5,1158.59,4.1,ลูกค้าใหม่
766,2026-05-05,อ่างทอง,ภาคกลาง,อาหารสุขภาพ,5,659.36,3.6,ลูกค้าประจำ
767,2026-07-31,ภูเก็ต,ภาคใต้,อาหารสุขภาพ,1,158.6,4.1,ลูกค้าประจำ
768,2026-01-13,นราธิวาส,ภาคใต้,ขนมและเบเกอรี่,3,370.05,4.7,ลูกค้าใหม่
769,2026-03-16,แม่ฮ่องสอน,ภาคเหนือ,อาหารสุขภาพ,4,485.72,4.2,ลูกค้าใหม่
770,2026-02-13,น่าน,ภาคเหนือ,ขนมและเบเกอรี่,2,234.68,3.7,ลูกค้าใหม่
771,2026-01-08,ปัตตานี,ภาคใต้,อาหารสุขภาพ,2,376.62,4.0,ลูกค้าใหม่
772,2026-06-19,แพร่,ภาคเหนือ,วัตถุดิบ,4,618.76,3.8,ลูกค้าใหม่
773,2026-09-05,บึงกาฬ,ภาคตะวันออกเฉียงเหนือ,อาหารสุขภาพ,5,926.48,4.4,ลูกค้าใหม่
774,2026-09-27,กาญจนบุรี,ภาคตะวันตก,วัตถุดิบ,5,951.0,3.6,ลูกค้าใหม่
775,2026-05-19,ฉะเชิงเทรา,ภาคตะวันออก,ขนมและเบเกอรี่,2,186.61,3.6,ลูกค้าใหม่
776,2026-07-04,ชลบุรี,ภาคตะวันออก,วัตถุดิบ,3,278.82,4.8,ลูกค้าใหม่
777,2026-09-18,เพชรบุรี,ภาคตะวันตก,วัตถุดิบ,2,279.83,5.0,ลูกค้าใหม่
778,2026-02-15,พะเยา,ภาคเหนือ,วัตถุดิบ,5,759.88,3.8,ลูกค้าประจำ
779,2026-09-29,อ่างทอง,ภาคกลาง,อาหารพร้อมทาน,1,117.77,4.0,ลูกค้าประจำ
780,2026-06-30,ราชบุรี,ภาคตะวันตก,เครื่องดื่ม,1,75.09,4.0,ลูกค้าประจำ
781,2026-05-12,ปราจีนบุรี,ภาคตะวันออก,อาหารสุขภาพ,3,501.32,4.8,ลูกค้าใหม่
782,2026-06-24,อ่างทอง,ภาคกลาง,ขนมและเบเกอรี่,2,126.57,4.8,ลูกค้าใหม่
783,2026-04-27,ชุมพร,ภาคใต้,วัตถุดิบ,5,837.71,4.1,ลูกค้าใหม่
784,2026-08-18,เลย,ภาคตะวันออกเฉียงเหนือ,ขนมและเบเกอรี่,5,547.51,4.3,ลูกค้าใหม่
785,2026-04-14,นครนายก,ภาคกลาง,อาหารสุขภาพ,5,775.16,4.8,ลูกค้าประจำ
786,2026-03-22,สุราษฎร์ธานี,ภาคใต้,เครื่องดื่ม,4,330.25,4.0,ลูกค้าใหม่
787,2026-01-16,นนทบุรี,ภาคกลาง,ขนมและเบเกอรี่,2,195.17,4.6,ลูกค้าประจำ
788,2026-05-21,ลำปาง,ภาคเหนือ,ขนมและเบเกอรี่,4,360.08,3.7,ลูกค้าใหม่
789,2026-05-17,เชียงใหม่,ภาคเหนือ,เครื่องดื่ม,2,127.72,4.4,ลูกค้าใหม่
790,2026-01-14,อุบลราชธานี,ภาคตะวันออกเฉียงเหนือ,เครื่องดื่ม,2,64.62,4.0,ลูกค้าประจำ
791,2026-07-11,นครนายก,ภาคกลาง,อาหารสุขภาพ,5,841.63,3.8,ลูกค้าประจำ
792,2026-04-09,สระแก้ว,ภาคตะวันออก,วัตถุดิบ,2,378.69,3.8,ลูกค้าประจำ
793,2026-04-14,กระบี่,ภาคใต้,ขนมและเบเกอรี่,4,405.8,4.6,ลูกค้าใหม่
794,2026-06-16,นครสวรรค์,ภาคกลาง,วัตถุดิบ,5,582.09,4.8,ลูกค้าใหม่
795,2026-07-14,เลย,ภาคตะวันออกเฉียงเหนือ,วัตถุดิบ,1,118.22,4.6,ลูกค้าประจำ
796,2026-01-20,อุดรธานี,ภาคตะวันออกเฉียงเหนือ,อาหารสุขภาพ,5,909.57,4.3,ลูกค้าประจำ
797,2026-07-22,สตูล,ภาคใต้,อาหารพร้อมทาน,2,213.86,5.0,ลูกค้าใหม่
798,2026-01-26,อ่างทอง,ภาคกลาง,วัตถุดิบ,5,895.34,3.8,ลูกค้าประจำ
799,2026-03-27,ราชบุรี,ภาคตะวันตก,ขนมและเบเกอรี่,3,272.67,4.1,ลูกค้าใหม่
800,2026-08-20,สุพรรณบุรี,ภาคกลาง,เครื่องดื่ม,4,222.64,3.6,ลูกค้าใหม่
801,2026-07-21,นนทบุรี,ภาคกลาง,อาหารสุขภาพ,5,987.66,4.1,ลูกค้าประจำ
802,2026-04-14,กาฬสินธุ์,ภาคตะวันออกเฉียงเหนือ,เครื่องดื่ม,4,203.81,4.8,ลูกค้าใหม่
803,2026-03-05,พระนครศรีอยุธยา,ภาคกลาง,ขนมและเบเกอรี่,2,165.38,3.6,ลูกค้าประจำ
804,2026-07-16,ยะลา,ภาคใต้,อาหารพร้อมทาน,5,451.06,4.6,ลูกค้าใหม่
805,2026-03-29,ระนอง,ภาคใต้,อาหารสุขภาพ,4,570.48,4.9,ลูกค้าใหม่
806,2026-01-27,นครราชสีมา,ภาคตะวันออกเฉียงเหนือ,เครื่องดื่ม,2,101.96,4.1,ลูกค้าประจำ
807,2026-03-09,สงขลา,ภาคใต้,ขนมและเบเกอรี่,2,200.55,4.9,ลูกค้าใหม่
808,2026-09-13,พระนครศรีอยุธยา,ภาคกลาง,อาหารพร้อมทาน,4,401.42,4.3,ลูกค้าใหม่
809,2026-09-01,สระบุรี,ภาคกลาง,เครื่องดื่ม,2,153.73,4.2,ลูกค้าประจำ
810,2026-05-06,ชัยภูมิ,ภาคตะวันออกเฉียงเหนือ,อาหารสุขภาพ,5,621.08,4.8,ลูกค้าประจำ
811,2026-03-17,อ่างทอง,ภาคกลาง,เครื่องดื่ม,1,61.96,3.6,ลูกค้าประจำ
812,2026-06-02,กำแพงเพชร,ภาคกลาง,เครื่องดื่ม,1,49.18,4.0,ลูกค้าใหม่
813,2026-03-24,จันทบุรี,ภาคตะวันออก,อาหารพร้อมทาน,4,653.64,4.5,ลูกค้าใหม่
814,2026-02-17,สตูล,ภาคใต้,อาหารสุขภาพ,3,503.59,4.7,ลูกค้าประจำ
815,2026-02-03,ร้อยเอ็ด,ภาคตะวันออกเฉียงเหนือ,วัตถุดิบ,1,215.11,3.9,ลูกค้าใหม่
816,2026-07-31,ตราด,ภาคตะวันออก,ขนมและเบเกอรี่,3,161.24,4.3,ลูกค้าใหม่
817,2026-09-28,ฉะเชิงเทรา,ภาคตะวันออก,อาหารพร้อมทาน,5,544.05,5.0,ลูกค้าประจำ
818,2026-05-13,พิษณุโลก,ภาคกลาง,วัตถุดิบ,5,1100.17,4.3,ลูกค้าประจำ
819,2026-09-24,ตาก,ภาคตะวันตก,อาหารสุขภาพ,5,775.63,4.6,ลูกค้าประจำ
820,2026-05-29,สระบุรี,ภาคกลาง,เครื่องดื่ม,5,411.57,5.0,ลูกค้าใหม่
821,2026-03-02,ตราด,ภาคตะวันออก,อาหารพร้อมทาน,4,355.24,4.6,ลูกค้าใหม่
822,2026-06-29,ลำพูน,ภาคเหนือ,วัตถุดิบ,1,243.42,4.3,ลูกค้าใหม่
823,2026-02-04,กระบี่,ภาคใต้,เครื่องดื่ม,3,307.07,4.0,ลูกค้าประจำ
824,2026-07-22,กรุงเทพมหานคร,ภาคกลาง,อาหารพร้อมทาน,3,327.34,4.6,ลูกค้าใหม่
825,2026-09-03,นครสวรรค์,ภาคกลาง,เครื่องดื่ม,3,173.28,4.9,ลูกค้าใหม่
826,2026-08-24,นครนายก,ภาคกลาง,วัตถุดิบ,2,417.18,4.8,ลูกค้าประจำ
827,2026-06-03,สมุทรปราการ,ภาคกลาง,วัตถุดิบ,1,225.97,4.3,ลูกค้าประจำ
828,2026-06-19,อ่างทอง,ภาคกลาง,อาหารสุขภาพ,1,139.09,4.7,ลูกค้าประจำ
829,2026-06-23,ชลบุรี,ภาคตะวันออก,เครื่องดื่ม,3,174.52,5.0,ลูกค้าใหม่
830,2026-03-01,อุดรธานี,ภาคตะวันออกเฉียงเหนือ,อาหารสุขภาพ,4,594.91,4.8,ลูกค้าประจำ
831,2026-02-14,พะเยา,ภาคเหนือ,อาหารพร้อมทาน,3,227.05,4.2,ลูกค้าใหม่
832,2026-09-26,ร้อยเอ็ด,ภาคตะวันออกเฉียงเหนือ,วัตถุดิบ,3,415.98,4.0,ลูกค้าใหม่
833,2026-08-16,ร้อยเอ็ด,ภาคตะวันออกเฉียงเหนือ,อาหารพร้อมทาน,2,179.75,4.3,ลูกค้าประจำ
834,2026-09-05,สิงห์บุรี,ภาคกลาง,เครื่องดื่ม,2,105.05,4.6,ลูกค้าประจำ
835,2026-03-09,ภูเก็ต,ภาคใต้,เครื่องดื่ม,1,57.99,3.8,ลูกค้าใหม่
836,2026-01-03,สตูล,ภาคใต้,วัตถุดิบ,5,952.7,4.0,ลูกค้าใหม่
837,2026-01-24,อุบลราชธานี,ภาคตะวันออกเฉียงเหนือ,อาหารพร้อมทาน,3,474.57,3.7,ลูกค้าประจำ
838,2026-04-18,กาญจนบุรี,ภาคตะวันตก,อาหารสุขภาพ,3,306.17,4.0,ลูกค้าใหม่
839,2026-08-14,พิษณุโลก,ภาคกลาง,ขนมและเบเกอรี่,5,591.89,4.5,ลูกค้าประจำ
840,2026-01-08,นครพนม,ภาคตะวันออกเฉียงเหนือ,เครื่องดื่ม,3,184.57,4.9,ลูกค้าใหม่
841,2026-06-13,บึงกาฬ,ภาคตะวันออกเฉียงเหนือ,อาหารสุขภาพ,3,426.66,3.9,ลูกค้าประจำ
842,2026-06-09,อุดรธานี,ภาคตะวันออกเฉียงเหนือ,เครื่องดื่ม,2,151.93,4.4,ลูกค้าประจำ
843,2026-01-15,หนองคาย,ภาคตะวันออกเฉียงเหนือ,วัตถุดิบ,1,129.48,4.2,ลูกค้าใหม่
844,2026-08-07,เชียงใหม่,ภาคเหนือ,วัตถุดิบ,1,197.21,4.1,ลูกค้าประจำ
845,2026-02-10,ยโสธร,ภาคตะวันออกเฉียงเหนือ,ขนมและเบเกอรี่,3,296.86,5.0,ลูกค้าประจำ
846,2026-08-28,อำนาจเจริญ,ภาคตะวันออกเฉียงเหนือ,เครื่องดื่ม,1,62.05,3.6,ลูกค้าประจำ
847,2026-03-15,สมุทรปราการ,ภาคกลาง,วัตถุดิบ,2,386.03,4.8,ลูกค้าประจำ
848,2026-06-19,ยะลา,ภาคใต้,วัตถุดิบ,2,493.83,4.7,ลูกค้าประจำ
849,2026-09-01,สตูล,ภาคใต้,วัตถุดิบ,1,151.3,3.7,ลูกค้าประจำ
850,2026-03-07,สมุทรปราการ,ภาคกลาง,เครื่องดื่ม,3,169.11,4.3,ลูกค้าประจำ
851,2026-02-06,เชียงใหม่,ภาคเหนือ,ขนมและเบเกอรี่,5,340.85,4.7,ลูกค้าประจำ
852,2026-05-05,ลพบุรี,ภาคกลาง,อาหารสุขภาพ,4,551.12,4.3,ลูกค้าประจำ
853,2026-08-09,ระยอง,ภาคตะวันออก,อาหารพร้อมทาน,3,302.64,4.7,ลูกค้าประจำ
854,2026-05-01,อำนาจเจริญ,ภาคตะวันออกเฉียงเหนือ,ขนมและเบเกอรี่,5,523.77,3.8,ลูกค้าใหม่
855,2026-08-26,อุดรธานี,ภาคตะวันออกเฉียงเหนือ,วัตถุดิบ,1,219.53,4.0,ลูกค้าใหม่
856,2026-02-05,สกลนคร,ภาคตะวันออกเฉียงเหนือ,เครื่องดื่ม,3,158.82,4.4,ลูกค้าประจำ
857,2026-04-22,ภูเก็ต,ภาคใต้,วัตถุดิบ,1,142.54,4.7,ลูกค้าใหม่
858,2026-05-30,นครปฐม,ภาคกลาง,เครื่องดื่ม,4,261.58,4.1,ลูกค้าประจำ
859,2026-06-05,น่าน,ภาคเหนือ,เครื่องดื่ม,3,168.08,4.9,ลูกค้าประจำ
860,2026-09-19,แม่ฮ่องสอน,ภาคเหนือ,อาหารพร้อมทาน,5,694.94,4.1,ลูกค้าใหม่
861,2026-01-28,เพชรบุรี,ภาคตะวันตก,อาหารพร้อมทาน,3,340.44,3.5,ลูกค้าประจำ
862,2026-08-10,ตรัง,ภาคใต้,ขนมและเบเกอรี่,1,59.0,4.6,ลูกค้าประจำ
863,2026-08-11,พะเยา,ภาคเหนือ,วัตถุดิบ,4,948.62,4.3,ลูกค้าใหม่
864,2026-07-16,สมุทรสงคราม,ภาคกลาง,เครื่องดื่ม,2,169.53,4.8,ลูกค้าประจำ
865,2026-03-06,ลำพูน,ภาคเหนือ,เครื่องดื่ม,3,140.36,3.7,ลูกค้าใหม่
866,2026-08-12,กาญจนบุรี,ภาคตะวันตก,เครื่องดื่ม,4,199.58,5.0,ลูกค้าใหม่
867,2026-08-06,ชัยภูมิ,ภาคตะวันออกเฉียงเหนือ,เครื่องดื่ม,4,264.65,4.4,ลูกค้าประจำ
868,2026-07-16,สุโขทัย,ภาคกลาง,วัตถุดิบ,5,926.49,4.0,ลูกค้าใหม่
869,2026-09-13,เลย,ภาคตะวันออกเฉียงเหนือ,อาหารสุขภาพ,1,167.71,4.8,ลูกค้าใหม่
870,2026-07-07,สิงห์บุรี,ภาคกลาง,ขนมและเบเกอรี่,4,513.87,3.6,ลูกค้าใหม่
871,2026-09-04,อำนาจเจริญ,ภาคตะวันออกเฉียงเหนือ,วัตถุดิบ,3,516.11,4.9,ลูกค้าใหม่
872,2026-09-22,นครปฐม,ภาคกลาง,อาหารสุขภาพ,3,364.99,3.6,ลูกค้าใหม่
873,2026-06-09,ปัตตานี,ภาคใต้,วัตถุดิบ,1,100.24,4.4,ลูกค้าประจำ
874,2026-09-20,สุรินทร์,ภาคตะวันออกเฉียงเหนือ,อาหารพร้อมทาน,4,372.67,4.9,ลูกค้าประจำ
875,2026-03-27,ลำพูน,ภาคเหนือ,ขนมและเบเกอรี่,3,282.64,3.6,ลูกค้าประจำ
876,2026-08-31,อำนาจเจริญ,ภาคตะวันออกเฉียงเหนือ,ขนมและเบเกอรี่,1,116.98,4.4,ลูกค้าใหม่
877,2026-09-06,เพชรบุรี,ภาคตะวันตก,อาหารสุขภาพ,1,139.3,3.6,ลูกค้าใหม่
878,2026-05-24,พิจิตร,ภาคกลาง,ขนมและเบเกอรี่,2,180.57,3.9,ลูกค้าประจำ
879,2026-03-19,กระบี่,ภาคใต้,อาหารพร้อมทาน,5,597.54,4.5,ลูกค้าประจำ
880,2026-04-03,นครสวรรค์,ภาคกลาง,ขนมและเบเกอรี่,2,234.13,4.7,ลูกค้าใหม่
881,2026-03-20,มุกดาหาร,ภาคตะวันออกเฉียงเหนือ,อาหารพร้อมทาน,2,352.45,4.8,ลูกค้าประจำ
882,2026-03-27,ระยอง,ภาคตะวันออก,เครื่องดื่ม,4,191.67,3.8,ลูกค้าประจำ
883,2026-03-27,จันทบุรี,ภาคตะวันออก,ขนมและเบเกอรี่,1,83.38,4.2,ลูกค้าประจำ
884,2026-07-14,เพชรบูรณ์,ภาคกลาง,วัตถุดิบ,5,1134.94,4.5,ลูกค้าประจำ
885,2026-08-11,สมุทรสงคราม,ภาคกลาง,ขนมและเบเกอรี่,2,200.15,3.5,ลูกค้าประจำ
886,2026-01-22,ระนอง,ภาคใต้,ขนมและเบเกอรี่,5,590.15,3.6,ลูกค้าประจำ
887,2026-05-19,ศรีสะเกษ,ภาคตะวันออกเฉียงเหนือ,อาหารสุขภาพ,3,550.07,3.9,ลูกค้าใหม่
888,2026-05-04,พระนครศรีอยุธยา,ภาคกลาง,อาหารสุขภาพ,4,553.39,4.6,ลูกค้าใหม่
889,2026-01-06,สุพรรณบุรี,ภาคกลาง,ขนมและเบเกอรี่,2,218.06,4.5,ลูกค้าใหม่
890,2026-02-23,กระบี่,ภาคใต้,วัตถุดิบ,1,206.9,4.5,ลูกค้าประจำ
891,2026-01-18,ปทุมธานี,ภาคกลาง,ขนมและเบเกอรี่,3,343.46,3.5,ลูกค้าใหม่
892,2026-03-04,ฉะเชิงเทรา,ภาคตะวันออก,อาหารสุขภาพ,2,324.52,4.6,ลูกค้าใหม่
893,2026-04-05,ชุมพร,ภาคใต้,อาหารสุขภาพ,2,385.07,4.8,ลูกค้าใหม่
894,2026-02-08,พระนครศรีอยุธยา,ภาคกลาง,ขนมและเบเกอรี่,4,417.42,4.5,ลูกค้าประจำ
895,2026-02-07,เลย,ภาคตะวันออกเฉียงเหนือ,ขนมและเบเกอรี่,3,383.48,3.9,ลูกค้าใหม่
896,2026-05-13,ระนอง,ภาคใต้,วัตถุดิบ,3,627.58,4.9,ลูกค้าประจำ
897,2026-04-13,นครสวรรค์,ภาคกลาง,วัตถุดิบ,1,163.86,4.4,ลูกค้าใหม่
898,2026-08-09,สระแก้ว,ภาคตะวันออก,อาหารพร้อมทาน,2,223.92,3.8,ลูกค้าใหม่
899,2026-02-07,สกลนคร,ภาคตะวันออกเฉียงเหนือ,ขนมและเบเกอรี่,1,123.65,3.6,ลูกค้าประจำ
900,2026-01-01,สงขลา,ภาคใต้,อาหารพร้อมทาน,4,381.97,4.9,ลูกค้าประจำ
901,2026-01-02,พัทลุง,ภาคใต้,เครื่องดื่ม,3,202.32,4.3,ลูกค้าประจำ
902,2026-02-05,สมุทรสาคร,ภาคกลาง,วัตถุดิบ,4,551.82,4.3,ลูกค้าใหม่
903,2026-07-03,ระยอง,ภาคตะวันออก,วัตถุดิบ,1,163.16,4.0,ลูกค้าประจำ
904,2026-06-24,ลพบุรี,ภาคกลาง,อาหารพร้อมทาน,1,158.35,3.6,ลูกค้าประจำ
905,2026-01-21,เพชรบุรี,ภาคตะวันตก,เครื่องดื่ม,2,122.59,5.0,ลูกค้าใหม่
906,2026-07-03,เพชรบูรณ์,ภาคกลาง,วัตถุดิบ,1,154.78,4.2,ลูกค้าประจำ
907,2026-01-13,นราธิวาส,ภาคใต้,เครื่องดื่ม,1,42.9,4.6,ลูกค้าใหม่
908,2026-06-07,สระแก้ว,ภาคตะวันออก,วัตถุดิบ,1,192.22,4.2,ลูกค้าประจำ
909,2026-06-22,กาญจนบุรี,ภาคตะวันตก,อาหารพร้อมทาน,3,418.09,4.7,ลูกค้าใหม่
910,2026-09-25,ลพบุรี,ภาคกลาง,อาหารพร้อมทาน,2,314.33,4.2,ลูกค้าใหม่
911,2026-03-14,อุตรดิตถ์,ภาคเหนือ,เครื่องดื่ม,1,60.0,4.2,ลูกค้าใหม่
912,2026-03-08,สมุทรสงคราม,ภาคกลาง,อาหารสุขภาพ,1,168.77,3.5,ลูกค้าใหม่
913,2026-03-29,แพร่,ภาคเหนือ,อาหารพร้อมทาน,4,458.93,4.8,ลูกค้าใหม่
914,2026-04-23,เชียงใหม่,ภาคเหนือ,อาหารพร้อมทาน,4,602.36,3.6,ลูกค้าใหม่
915,2026-03-03,เลย,ภาคตะวันออกเฉียงเหนือ,ขนมและเบเกอรี่,4,370.95,5.0,ลูกค้าใหม่
916,2026-03-30,ภูเก็ต,ภาคใต้,เครื่องดื่ม,1,62.58,4.0,ลูกค้าใหม่
917,2026-07-09,พิจิตร,ภาคกลาง,เครื่องดื่ม,4,299.51,4.3,ลูกค้าประจำ
918,2026-02-21,ปัตตานี,ภาคใต้,อาหารสุขภาพ,1,167.46,4.7,ลูกค้าประจำ
919,2026-01-04,นครราชสีมา,ภาคตะวันออกเฉียงเหนือ,อาหารพร้อมทาน,4,426.43,3.5,ลูกค้าใหม่
920,2026-09-01,อุทัยธานี,ภาคกลาง,ขนมและเบเกอรี่,4,338.67,4.5,ลูกค้าใหม่
921,2026-07-30,นครปฐม,ภาคกลาง,ขนมและเบเกอรี่,5,572.37,3.9,ลูกค้าใหม่
922,2026-09-13,กำแพงเพชร,ภาคกลาง,อาหารสุขภาพ,2,202.2,4.4,ลูกค้าใหม่
923,2026-05-01,เพชรบูรณ์,ภาคกลาง,ขนมและเบเกอรี่,4,392.63,3.8,ลูกค้าใหม่
924,2026-08-26,ยะลา,ภาคใต้,อาหารสุขภาพ,5,659.98,4.7,ลูกค้าใหม่
925,2026-03-18,พิจิตร,ภาคกลาง,อาหารพร้อมทาน,2,311.7,4.5,ลูกค้าประจำ
926,2026-01-23,สระบุรี,ภาคกลาง,เครื่องดื่ม,2,68.42,3.6,ลูกค้าประจำ
927,2026-06-21,พิษณุโลก,ภาคกลาง,เครื่องดื่ม,4,223.67,4.4,ลูกค้าประจำ
928,2026-04-01,ขอนแก่น,ภาคตะวันออกเฉียงเหนือ,อาหารพร้อมทาน,1,118.18,3.7,ลูกค้าใหม่
929,2026-05-01,สระแก้ว,ภาคตะวันออก,อาหารสุขภาพ,1,222.62,4.6,ลูกค้าประจำ
930,2026-02-26,ลำพูน,ภาคเหนือ,เครื่องดื่ม,3,191.79,4.0,ลูกค้าใหม่
931,2026-04-23,ปราจีนบุรี,ภาคตะวันออก,วัตถุดิบ,2,294.53,3.6,ลูกค้าประจำ
932,2026-08-21,จันทบุรี,ภาคตะวันออก,วัตถุดิบ,2,529.3,3.8,ลูกค้าประจำ
933,2026-07-03,นครนายก,ภาคกลาง,วัตถุดิบ,2,195.23,5.0,ลูกค้าใหม่
934,2026-01-31,มหาสารคาม,ภาคตะวันออกเฉียงเหนือ,เครื่องดื่ม,1,24.88,3.9,ลูกค้าใหม่
935,2026-06-25,สมุทรปราการ,ภาคกลาง,วัตถุดิบ,4,799.2,3.8,ลูกค้าประจำ
936,2026-04-28,นครราชสีมา,ภาคตะวันออกเฉียงเหนือ,อาหารสุขภาพ,2,251.85,3.6,ลูกค้าประจำ
937,2026-05-23,บุรีรัมย์,ภาคตะวันออกเฉียงเหนือ,อาหารสุขภาพ,4,452.77,3.5,ลูกค้าประจำ
938,2026-04-24,ปัตตานี,ภาคใต้,เครื่องดื่ม,3,218.06,4.8,ลูกค้าใหม่
939,2026-01-21,อุดรธานี,ภาคตะวันออกเฉียงเหนือ,อาหารพร้อมทาน,4,509.26,5.0,ลูกค้าใหม่
940,2026-02-20,เลย,ภาคตะวันออกเฉียงเหนือ,อาหารสุขภาพ,4,522.26,4.2,ลูกค้าใหม่
941,2026-07-28,ชัยภูมิ,ภาคตะวันออกเฉียงเหนือ,อาหารสุขภาพ,1,92.47,4.9,ลูกค้าใหม่
942,2026-02-16,ยโสธร,ภาคตะวันออกเฉียงเหนือ,ขนมและเบเกอรี่,2,196.73,3.5,ลูกค้าประจำ
943,2026-01-13,นครราชสีมา,ภาคตะวันออกเฉียงเหนือ,วัตถุดิบ,5,889.35,5.0,ลูกค้าประจำ
944,2026-08-26,นครนายก,ภาคกลาง,วัตถุดิบ,2,351.07,4.6,ลูกค้าใหม่
945,2026-01-17,ชัยนาท,ภาคกลาง,วัตถุดิบ,3,710.37,3.9,ลูกค้าประจำ
946,2026-02-11,หนองคาย,ภาคตะวันออกเฉียงเหนือ,อาหารสุขภาพ,2,199.23,4.4,ลูกค้าประจำ
947,2026-02-26,ฉะเชิงเทรา,ภาคตะวันออก,อาหารสุขภาพ,3,296.94,4.1,ลูกค้าประจำ
948,2026-02-04,ขอนแก่น,ภาคตะวันออกเฉียงเหนือ,ขนมและเบเกอรี่,3,235.7,4.3,ลูกค้าใหม่
949,2026-02-28,นครนายก,ภาคกลาง,ขนมและเบเกอรี่,2,169.05,4.5,ลูกค้าใหม่
950,2026-09-15,ปทุมธานี,ภาคกลาง,ขนมและเบเกอรี่,3,302.34,4.5,ลูกค้าประจำ
951,2026-08-20,จันทบุรี,ภาคตะวันออก,อาหารพร้อมทาน,3,338.29,4.2,ลูกค้าใหม่
952,2026-08-20,สมุทรสงคราม,ภาคกลาง,อาหารสุขภาพ,5,870.41,4.4,ลูกค้าใหม่
953,2026-07-20,นราธิวาส,ภาคใต้,วัตถุดิบ,1,123.68,4.8,ลูกค้าประจำ
954,2026-02-27,ชัยนาท,ภาคกลาง,อาหารพร้อมทาน,2,326.63,4.5,ลูกค้าประจำ
955,2026-01-12,นครพนม,ภาคตะวันออกเฉียงเหนือ,เครื่องดื่ม,5,270.58,3.9,ลูกค้าใหม่
956,2026-01-11,สมุทรสงคราม,ภาคกลาง,ขนมและเบเกอรี่,4,461.84,3.9,ลูกค้าใหม่
957,2026-06-21,กาญจนบุรี,ภาคตะวันตก,เครื่องดื่ม,5,299.92,4.1,ลูกค้าประจำ
958,2026-09-29,ภูเก็ต,ภาคใต้,วัตถุดิบ,5,852.35,4.8,ลูกค้าประจำ
959,2026-06-06,สตูล,ภาคใต้,ขนมและเบเกอรี่,5,542.66,3.8,ลูกค้าประจำ
960,2026-01-25,ประจวบคีรีขันธ์,ภาคตะวันตก,วัตถุดิบ,3,600.44,3.7,ลูกค้าประจำ
961,2026-05-27,สตูล,ภาคใต้,เครื่องดื่ม,5,377.22,3.8,ลูกค้าใหม่
962,2026-01-22,นครพนม,ภาคตะวันออกเฉียงเหนือ,เครื่องดื่ม,2,173.2,5.0,ลูกค้าใหม่
963,2026-04-16,สกลนคร,ภาคตะวันออกเฉียงเหนือ,ขนมและเบเกอรี่,3,299.0,4.3,ลูกค้าใหม่
964,2026-08-18,พะเยา,ภาคเหนือ,ขนมและเบเกอรี่,2,223.68,4.3,ลูกค้าใหม่
965,2026-07-27,สุรินทร์,ภาคตะวันออกเฉียงเหนือ,ขนมและเบเกอรี่,1,92.87,4.9,ลูกค้าใหม่
966,2026-09-17,สตูล,ภาคใต้,ขนมและเบเกอรี่,2,258.41,4.0,ลูกค้าประจำ
967,2026-03-17,สมุทรสงคราม,ภาคกลาง,ขนมและเบเกอรี่,5,335.48,4.7,ลูกค้าประจำ
968,2026-03-13,มุกดาหาร,ภาคตะวันออกเฉียงเหนือ,อาหารพร้อมทาน,4,696.11,4.5,ลูกค้าใหม่
969,2026-04-23,แพร่,ภาคเหนือ,อาหารพร้อมทาน,4,427.66,4.2,ลูกค้าใหม่
970,2026-04-10,ภูเก็ต,ภาคใต้,อาหารพร้อมทาน,5,327.58,4.4,ลูกค้าใหม่
971,2026-08-17,พิจิตร,ภาคกลาง,เครื่องดื่ม,1,67.08,4.5,ลูกค้าใหม่
972,2026-06-12,สุโขทัย,ภาคกลาง,วัตถุดิบ,2,283.77,4.4,ลูกค้าใหม่
973,2026-08-07,ยะลา,ภาคใต้,วัตถุดิบ,2,370.31,4.1,ลูกค้าประจำ
974,2026-06-07,กระบี่,ภาคใต้,ขนมและเบเกอรี่,3,238.5,5.0,ลูกค้าใหม่
975,2026-05-28,บุรีรัมย์,ภาคตะวันออกเฉียงเหนือ,วัตถุดิบ,4,607.7,3.7,ลูกค้าประจำ
976,2026-02-14,ลำพูน,ภาคเหนือ,เครื่องดื่ม,5,154.33,3.7,ลูกค้าประจำ
977,2026-07-12,สมุทรสงคราม,ภาคกลาง,อาหารสุขภาพ,3,425.72,3.6,ลูกค้าประจำ
978,2026-08-25,พัทลุง,ภาคใต้,วัตถุดิบ,2,127.67,4.6,ลูกค้าใหม่
979,2026-09-09,น่าน,ภาคเหนือ,เครื่องดื่ม,4,157.05,3.6,ลูกค้าประจำ
980,2026-08-26,อุตรดิตถ์,ภาคเหนือ,ขนมและเบเกอรี่,4,407.02,3.8,ลูกค้าใหม่
981,2026-08-30,นครพนม,ภาคตะวันออกเฉียงเหนือ,ขนมและเบเกอรี่,3,289.84,3.7,ลูกค้าประจำ
982,2026-05-06,ลำพูน,ภาคเหนือ,เครื่องดื่ม,4,244.51,3.5,ลูกค้าประจำ
983,2026-07-05,สระบุรี,ภาคกลาง,อาหารพร้อมทาน,5,386.71,4.4,ลูกค้าประจำ
984,2026-09-20,พังงา,ภาคใต้,วัตถุดิบ,1,177.85,4.6,ลูกค้าใหม่
985,2026-03-16,พังงา,ภาคใต้,เครื่องดื่ม,5,324.71,4.0,ลูกค้าใหม่
986,2026-07-04,ยโสธร,ภาคตะวันออกเฉียงเหนือ,เครื่องดื่ม,1,46.18,4.1,ลูกค้าประจำ
987,2026-02-09,จันทบุรี,ภาคตะวันออก,ขนมและเบเกอรี่,3,352.91,4.3,ลูกค้าใหม่
988,2026-06-15,เชียงราย,ภาคเหนือ,อาหารสุขภาพ,2,351.17,4.8,ลูกค้าประจำ
989,2026-06-30,พัทลุง,ภาคใต้,ขนมและเบเกอรี่,1,80.78,4.7,ลูกค้าใหม่
990,2026-09-06,นครนายก,ภาคกลาง,อาหารสุขภาพ,3,483.23,4.1,ลูกค้าใหม่
991,2026-04-24,เชียงใหม่,ภาคเหนือ,เครื่องดื่ม,2,123.1,4.7,ลูกค้าใหม่
992,2026-03-09,ลำพูน,ภาคเหนือ,วัตถุดิบ,1,88.12,4.9,ลูกค้าประจำ
993,2026-08-15,แม่ฮ่องสอน,ภาคเหนือ,ขนมและเบเกอรี่,3,267.39,4.8,ลูกค้าประจำ
994,2026-03-02,นครสวรรค์,ภาคกลาง,ขนมและเบเกอรี่,1,66.98,3.8,ลูกค้าใหม่
995,2026-03-08,ประจวบคีรีขันธ์,ภาคตะวันตก,ขนมและเบเกอรี่,2,142.42,5.0,ลูกค้าประจำ
996,2026-08-09,ตรัง,ภาคใต้,อาหารพร้อมทาน,1,105.99,3.6,ลูกค้าใหม่
997,2026-08-29,กำแพงเพชร,ภาคกลาง,อาหารสุขภาพ,5,1159.54,3.7,ลูกค้าประจำ
998,2026-01-06,ขอนแก่น,ภาคตะวันออกเฉียงเหนือ,อาหารพร้อมทาน,3,355.02,4.6,ลูกค้าใหม่
999,2026-06-29,บึงกาฬ,ภาคตะวันออกเฉียงเหนือ,อาหารสุขภาพ,2,274.31,3.5,ลูกค้าใหม่
1000,2026-03-24,พิจิตร,ภาคกลาง,อาหารสุขภาพ,3,548.71,4.8,ลูกค้าใหม่
1001,2026-01-08,สิงห์บุรี,ภาคกลาง,อาหารสุขภาพ,1,215.97,4.3,ลูกค้าใหม่
1002,2026-02-20,พิษณุโลก,ภาคกลาง,เครื่องดื่ม,5,400.13,4.9,ลูกค้าประจำ
1003,2026-02-24,ยะลา,ภาคใต้,อาหารสุขภาพ,2,308.53,3.8,ลูกค้าประจำ
1004,2026-04-27,ระนอง,ภาคใต้,วัตถุดิบ,2,271.6,4.1,ลูกค้าประจำ
1005,2026-03-11,ตราด,ภาคตะวันออก,วัตถุดิบ,1,190.28,4.2,ลูกค้าประจำ
1006,2026-06-17,พิษณุโลก,ภาคกลาง,อาหารสุขภาพ,1,175.74,4.2,ลูกค้าประจำ
1007,2026-06-09,พิษณุโลก,ภาคกลาง,วัตถุดิบ,5,936.21,4.5,ลูกค้าประจำ
1008,2026-08-08,ปทุมธานี,ภาคกลาง,อาหารสุขภาพ,4,741.63,3.8,ลูกค้าใหม่
1009,2026-09-09,สมุทรสงคราม,ภาคกลาง,ขนมและเบเกอรี่,2,239.85,4.5,ลูกค้าประจำ
1010,2026-03-15,สกลนคร,ภาคตะวันออกเฉียงเหนือ,อาหารสุขภาพ,1,138.59,4.1,ลูกค้าใหม่
1011,2026-06-23,นครศรีธรรมราช,ภาคใต้,อาหารพร้อมทาน,3,478.57,3.8,ลูกค้าประจำ
1012,2026-09-13,ตราด,ภาคตะวันออก,เครื่องดื่ม,4,231.92,3.9,ลูกค้าประจำ
1013,2026-07-27,ลพบุรี,ภาคกลาง,ขนมและเบเกอรี่,4,490.58,5.0,ลูกค้าประจำ
1014,2026-05-09,นครปฐม,ภาคกลาง,วัตถุดิบ,1,148.99,4.2,ลูกค้าใหม่
1015,2026-01-28,นครนายก,ภาคกลาง,อาหารพร้อมทาน,1,146.27,4.7,ลูกค้าประจำ
1016,2026-06-17,กาฬสินธุ์,ภาคตะวันออกเฉียงเหนือ,เครื่องดื่ม,4,245.58,3.7,ลูกค้าใหม่
1017,2026-04-14,ชัยนาท,ภาคกลาง,อาหารสุขภาพ,4,508.98,3.9,ลูกค้าประจำ
1018,2026-06-25,สระแก้ว,ภาคตะวันออก,อาหารสุขภาพ,3,379.74,4.7,ลูกค้าใหม่
1019,2026-08-19,กำแพงเพชร,ภาคกลาง,วัตถุดิบ,1,157.31,4.0,ลูกค้าประจำ
1020,2026-04-01,สกลนคร,ภาคตะวันออกเฉียงเหนือ,วัตถุดิบ,1,199.09,4.3,ลูกค้าประจำ
1021,2026-06-09,นครศรีธรรมราช,ภาคใต้,วัตถุดิบ,4,814.11,4.6,ลูกค้าประจำ
1022,2026-08-29,ตรัง,ภาคใต้,อาหารสุขภาพ,4,465.98,4.2,ลูกค้าใหม่
1023,2026-09-11,สิงห์บุรี,ภาคกลาง,อาหารพร้อมทาน,4,477.08,4.4,ลูกค้าประจำ
1024,2026-01-15,ยโสธร,ภาคตะวันออกเฉียงเหนือ,ขนมและเบเกอรี่,3,437.64,4.4,ลูกค้าใหม่
1025,2026-06-24,ยะลา,ภาคใต้,ขนมและเบเกอรี่,5,680.15,4.1,ลูกค้าประจำ
1026,2026-01-29,แม่ฮ่องสอน,ภาคเหนือ,ขนมและเบเกอรี่,4,421.45,4.5,ลูกค้าใหม่
1027,2026-02-03,ปราจีนบุรี,ภาคตะวันออก,ขนมและเบเกอรี่,5,479.51,4.8,ลูกค้าใหม่
1028,2026-06-16,มุกดาหาร,ภาคตะวันออกเฉียงเหนือ,เครื่องดื่ม,1,60.26,3.6,ลูกค้าประจำ
1029,2026-01-11,อำนาจเจริญ,ภาคตะวันออกเฉียงเหนือ,อาหารสุขภาพ,4,738.16,4.5,ลูกค้าใหม่
1030,2026-06-15,พะเยา,ภาคเหนือ,วัตถุดิบ,5,636.38,4.4,ลูกค้าประจำ
1031,2026-09-15,เชียงราย,ภาคเหนือ,เครื่องดื่ม,3,173.33,4.7,ลูกค้าประจำ
1032,2026-08-12,นครศรีธรรมราช,ภาคใต้,อาหารสุขภาพ,3,279.77,3.8,ลูกค้าใหม่
1033,2026-01-25,สุรินทร์,ภาคตะวันออกเฉียงเหนือ,เครื่องดื่ม,3,214.46,3.9,ลูกค้าประจำ
1034,2026-02-18,ปทุมธานี,ภาคกลาง,อาหารสุขภาพ,1,158.0,4.4,ลูกค้าประจำ
1035,2026-08-07,ชลบุรี,ภาคตะวันออก,อาหารสุขภาพ,5,668.19,3.8,ลูกค้าใหม่
1036,2026-06-10,เพชรบูรณ์,ภาคกลาง,อาหารสุขภาพ,3,635.43,3.8,ลูกค้าประจำ
1037,2026-04-03,พระนครศรีอยุธยา,ภาคกลาง,อาหารสุขภาพ,5,527.1,4.8,ลูกค้าใหม่
1038,2026-08-28,อุดรธานี,ภาคตะวันออกเฉียงเหนือ,วัตถุดิบ,2,193.98,3.9,ลูกค้าประจำ
1039,2026-07-06,อำนาจเจริญ,ภาคตะวันออกเฉียงเหนือ,อาหารพร้อมทาน,5,633.67,4.2,ลูกค้าใหม่
1040,2026-06-13,นครพนม,ภาคตะวันออกเฉียงเหนือ,ขนมและเบเกอรี่,4,455.5,4.8,ลูกค้าใหม่
1041,2026-03-24,บึงกาฬ,ภาคตะวันออกเฉียงเหนือ,วัตถุดิบ,3,767.33,3.9,ลูกค้าใหม่
1042,2026-04-09,ลพบุรี,ภาคกลาง,เครื่องดื่ม,1,57.54,3.5,ลูกค้าประจำ
1043,2026-08-05,สมุทรปราการ,ภาคกลาง,วัตถุดิบ,5,1085.57,4.5,ลูกค้าใหม่
1044,2026-01-15,น่าน,ภาคเหนือ,เครื่องดื่ม,3,193.12,3.9,ลูกค้าประจำ
1045,2026-09-06,หนองบัวลำภู,ภาคตะวันออกเฉียงเหนือ,เครื่องดื่ม,1,52.87,4.7,ลูกค้าใหม่
1046,2026-02-02,ชัยภูมิ,ภาคตะวันออกเฉียงเหนือ,ขนมและเบเกอรี่,5,579.93,4.9,ลูกค้าประจำ
1047,2026-03-13,ยะลา,ภาคใต้,อาหารพร้อมทาน,4,474.54,3.9,ลูกค้าใหม่
1048,2026-09-12,สุพรรณบุรี,ภาคกลาง,อาหารสุขภาพ,5,484.72,4.8,ลูกค้าใหม่
1049,2026-07-19,อุบลราชธานี,ภาคตะวันออกเฉียงเหนือ,อาหารพร้อมทาน,3,492.89,4.7,ลูกค้าใหม่
1050,2026-03-31,เลย,ภาคตะวันออกเฉียงเหนือ,เครื่องดื่ม,2,174.85,3.8,ลูกค้าประจำ
1051,2026-01-29,สกลนคร,ภาคตะวันออกเฉียงเหนือ,วัตถุดิบ,3,409.99,4.2,ลูกค้าประจำ
1052,2026-09-01,ตรัง,ภาคใต้,ขนมและเบเกอรี่,5,495.9,4.5,ลูกค้าประจำ
1053,2026-07-08,นครปฐม,ภาคกลาง,ขนมและเบเกอรี่,4,362.89,4.7,ลูกค้าใหม่
1054,2026-07-16,กำแพงเพชร,ภาคกลาง,อาหารพร้อมทาน,2,255.64,4.0,ลูกค้าประจำ
1055,2026-07-18,ตราด,ภาคตะวันออก,อาหารสุขภาพ,2,262.18,3.5,ลูกค้าประจำ
1056,2026-06-02,พระนครศรีอยุธยา,ภาคกลาง,ขนมและเบเกอรี่,1,79.05,3.8,ลูกค้าใหม่
1057,2026-05-21,สกลนคร,ภาคตะวันออกเฉียงเหนือ,ขนมและเบเกอรี่,4,377.57,4.8,ลูกค้าประจำ
1058,2026-08-05,สมุทรสงคราม,ภาคกลาง,วัตถุดิบ,3,593.57,4.8,ลูกค้าใหม่
1059,2026-06-30,นครราชสีมา,ภาคตะวันออกเฉียงเหนือ,ขนมและเบเกอรี่,5,539.55,4.1,ลูกค้าประจำ
1060,2026-04-05,สตูล,ภาคใต้,อาหารพร้อมทาน,1,92.55,4.4,ลูกค้าใหม่
1061,2026-06-06,กรุงเทพมหานคร,ภาคกลาง,วัตถุดิบ,2,365.03,4.0,ลูกค้าใหม่
1062,2026-03-08,ตรัง,ภาคใต้,เครื่องดื่ม,2,36.0,4.8,ลูกค้าประจำ
1063,2026-03-10,พะเยา,ภาคเหนือ,วัตถุดิบ,4,787.76,3.9,ลูกค้าประจำ
1064,2026-07-08,พิษณุโลก,ภาคกลาง,เครื่องดื่ม,1,34.89,3.8,ลูกค้าประจำ
1065,2026-04-28,อุดรธานี,ภาคตะวันออกเฉียงเหนือ,เครื่องดื่ม,1,59.11,4.9,ลูกค้าประจำ
1066,2026-07-25,น่าน,ภาคเหนือ,ขนมและเบเกอรี่,2,136.82,4.4,ลูกค้าประจำ
1067,2026-03-02,นครพนม,ภาคตะวันออกเฉียงเหนือ,อาหารพร้อมทาน,3,243.48,3.5,ลูกค้าประจำ
1068,2026-04-15,สตูล,ภาคใต้,วัตถุดิบ,1,232.24,3.8,ลูกค้าประจำ
1069,2026-08-09,พิษณุโลก,ภาคกลาง,วัตถุดิบ,4,635.81,4.8,ลูกค้าใหม่
1070,2026-07-29,พิษณุโลก,ภาคกลาง,เครื่องดื่ม,4,282.52,4.7,ลูกค้าใหม่
1071,2026-08-19,เพชรบุรี,ภาคตะวันตก,ขนมและเบเกอรี่,2,168.99,4.9,ลูกค้าประจำ
1072,2026-08-29,อุตรดิตถ์,ภาคเหนือ,วัตถุดิบ,1,201.47,3.7,ลูกค้าประจำ
1073,2026-08-05,ราชบุรี,ภาคตะวันตก,เครื่องดื่ม,4,225.24,4.6,ลูกค้าประจำ
1074,2026-01-27,ชัยนาท,ภาคกลาง,อาหารพร้อมทาน,5,407.55,4.0,ลูกค้าใหม่
1075,2026-01-24,สมุทรสงคราม,ภาคกลาง,ขนมและเบเกอรี่,5,504.31,3.5,ลูกค้าประจำ
1076,2026-01-22,เพชรบูรณ์,ภาคกลาง,วัตถุดิบ,3,473.34,4.4,ลูกค้าประจำ
1077,2026-08-28,นครศรีธรรมราช,ภาคใต้,อาหารสุขภาพ,4,390.95,3.7,ลูกค้าประจำ
1078,2026-03-01,สุราษฎร์ธานี,ภาคใต้,วัตถุดิบ,2,321.47,4.0,ลูกค้าใหม่
1079,2026-05-25,สระบุรี,ภาคกลาง,ขนมและเบเกอรี่,3,372.33,4.9,ลูกค้าประจำ
1080,2026-03-26,พังงา,ภาคใต้,อาหารสุขภาพ,3,552.93,4.0,ลูกค้าประจำ
1081,2026-04-07,นครพนม,ภาคตะวันออกเฉียงเหนือ,อาหารสุขภาพ,4,584.22,3.7,ลูกค้าใหม่
1082,2026-03-25,นนทบุรี,ภาคกลาง,อาหารพร้อมทาน,4,438.09,4.6,ลูกค้าประจำ
1083,2026-07-02,ตรัง,ภาคใต้,วัตถุดิบ,1,157.25,5.0,ลูกค้าประจำ
1084,2026-03-17,สตูล,ภาคใต้,วัตถุดิบ,1,232.44,3.7,ลูกค้าใหม่
1085,2026-09-18,บึงกาฬ,ภาคตะวันออกเฉียงเหนือ,ขนมและเบเกอรี่,2,208.14,4.7,ลูกค้าใหม่
1086,2026-04-03,อุตรดิตถ์,ภาคเหนือ,อาหารพร้อมทาน,5,598.06,4.1,ลูกค้าใหม่
1087,2026-01-14,ปัตตานี,ภาคใต้,วัตถุดิบ,1,226.36,3.9,ลูกค้าใหม่
1088,2026-06-15,ราชบุรี,ภาคตะวันตก,ขนมและเบเกอรี่,5,503.36,3.7,ลูกค้าใหม่
1089,2026-05-18,สตูล,ภาคใต้,วัตถุดิบ,4,572.37,4.4,ลูกค้าใหม่
1090,2026-06-16,มหาสารคาม,ภาคตะวันออกเฉียงเหนือ,อาหารพร้อมทาน,5,542.02,4.9,ลูกค้าใหม่
1091,2026-01-29,บุรีรัมย์,ภาคตะวันออกเฉียงเหนือ,อาหารพร้อมทาน,3,353.56,4.6,ลูกค้าประจำ
1092,2026-05-03,ชุมพร,ภาคใต้,วัตถุดิบ,3,534.97,4.9,ลูกค้าประจำ
1093,2026-07-18,ชุมพร,ภาคใต้,อาหารพร้อมทาน,2,283.66,4.7,ลูกค้าประจำ
1094,2026-08-10,นครพนม,ภาคตะวันออกเฉียงเหนือ,อาหารพร้อมทาน,3,346.44,4.6,ลูกค้าประจำ
1095,2026-09-20,ตาก,ภาคตะวันตก,ขนมและเบเกอรี่,1,112.4,3.8,ลูกค้าประจำ
1096,2026-08-05,ระยอง,ภาคตะวันออก,วัตถุดิบ,3,476.19,3.6,ลูกค้าประจำ
1097,2026-08-07,ร้อยเอ็ด,ภาคตะวันออกเฉียงเหนือ,อาหารสุขภาพ,2,309.98,3.6,ลูกค้าประจำ
1098,2026-09-27,สมุทรปราการ,ภาคกลาง,เครื่องดื่ม,2,61.81,4.4,ลูกค้าใหม่
1099,2026-09-02,เพชรบุรี,ภาคตะวันตก,วัตถุดิบ,4,884.94,4.0,ลูกค้าใหม่
1100,2026-06-01,เพชรบูรณ์,ภาคกลาง,เครื่องดื่ม,5,335.49,4.4,ลูกค้าใหม่
1101,2026-08-06,ขอนแก่น,ภาคตะวันออกเฉียงเหนือ,อาหารสุขภาพ,1,179.93,4.1,ลูกค้าประจำ
1102,2026-02-11,อำนาจเจริญ,ภาคตะวันออกเฉียงเหนือ,ขนมและเบเกอรี่,3,78.64,4.7,ลูกค้าใหม่
1103,2026-07-21,ตรัง,ภาคใต้,วัตถุดิบ,2,547.95,3.6,ลูกค้าประจำ
1104,2026-08-21,เพชรบูรณ์,ภาคกลาง,ขนมและเบเกอรี่,5,389.66,4.6,ลูกค้าประจำ
1105,2026-04-05,พังงา,ภาคใต้,ขนมและเบเกอรี่,2,242.64,3.6,ลูกค้าประจำ
1106,2026-01-03,เชียงใหม่,ภาคเหนือ,วัตถุดิบ,5,666.02,4.1,ลูกค้าใหม่
1107,2026-07-27,นครศรีธรรมราช,ภาคใต้,วัตถุดิบ,4,705.75,4.8,ลูกค้าประจำ
1108,2026-07-22,เพชรบูรณ์,ภาคกลาง,อาหารสุขภาพ,5,589.32,4.7,ลูกค้าใหม่
1109,2026-02-27,ตาก,ภาคตะวันตก,เครื่องดื่ม,1,54.86,4.7,ลูกค้าใหม่
1110,2026-03-16,กาฬสินธุ์,ภาคตะวันออกเฉียงเหนือ,เครื่องดื่ม,4,326.75,4.5,ลูกค้าประจำ
1111,2026-08-26,สุรินทร์,ภาคตะวันออกเฉียงเหนือ,เครื่องดื่ม,1,61.9,3.7,ลูกค้าประจำ
1112,2026-08-16,กาญจนบุรี,ภาคตะวันตก,อาหารพร้อมทาน,2,253.05,4.9,ลูกค้าประจำ
1113,2026-04-14,กาญจนบุรี,ภาคตะวันตก,วัตถุดิบ,5,1095.77,3.9,ลูกค้าประจำ
1114,2026-08-10,จันทบุรี,ภาคตะวันออก,ขนมและเบเกอรี่,1,106.77,5.0,ลูกค้าประจำ
1115,2026-01-19,อุตรดิตถ์,ภาคเหนือ,อาหารสุขภาพ,5,830.08,4.2,ลูกค้าประจำ
1116,2026-09-07,สุโขทัย,ภาคกลาง,อาหารสุขภาพ,5,742.04,3.8,ลูกค้าใหม่
1117,2026-06-11,สุราษฎร์ธานี,ภาคใต้,อาหารพร้อมทาน,4,691.57,4.3,ลูกค้าประจำ
1118,2026-06-27,ลำพูน,ภาคเหนือ,วัตถุดิบ,1,168.54,4.2,ลูกค้าประจำ
1119,2026-04-09,กาญจนบุรี,ภาคตะวันตก,เครื่องดื่ม,3,174.08,4.2,ลูกค้าประจำ
1120,2026-06-23,ประจวบคีรีขันธ์,ภาคตะวันตก,อาหารสุขภาพ,2,363.65,4.9,ลูกค้าประจำ
1121,2026-07-04,ตาก,ภาคตะวันตก,ขนมและเบเกอรี่,4,460.77,4.7,ลูกค้าใหม่
1122,2026-09-05,บึงกาฬ,ภาคตะวันออกเฉียงเหนือ,ขนมและเบเกอรี่,1,104.71,3.7,ลูกค้าใหม่
1123,2026-08-01,นครราชสีมา,ภาคตะวันออกเฉียงเหนือ,อาหารสุขภาพ,4,742.2,4.9,ลูกค้าประจำ
1124,2026-01-25,เพชรบูรณ์,ภาคกลาง,เครื่องดื่ม,2,83.57,5.0,ลูกค้าประจำ
1125,2026-09-15,พังงา,ภาคใต้,ขนมและเบเกอรี่,2,267.59,3.5,ลูกค้าใหม่
1126,2026-04-27,มุกดาหาร,ภาคตะวันออกเฉียงเหนือ,วัตถุดิบ,1,115.57,3.7,ลูกค้าใหม่
1127,2026-01-24,สระแก้ว,ภาคตะวันออก,ขนมและเบเกอรี่,3,306.56,4.7,ลูกค้าประจำ
1128,2026-02-23,นครพนม,ภาคตะวันออกเฉียงเหนือ,อาหารสุขภาพ,5,551.77,4.6,ลูกค้าประจำ
1129,2026-02-22,สตูล,ภาคใต้,อาหารพร้อมทาน,1,106.27,4.7,ลูกค้าใหม่
1130,2026-03-02,สิงห์บุรี,ภาคกลาง,อาหารพร้อมทาน,2,220.77,4.8,ลูกค้าประจำ
1131,2026-09-13,นครราชสีมา,ภาคตะวันออกเฉียงเหนือ,ขนมและเบเกอรี่,4,369.48,4.6,ลูกค้าใหม่
1132,2026-03-04,นครพนม,ภาคตะวันออกเฉียงเหนือ,ขนมและเบเกอรี่,3,315.06,4.8,ลูกค้าประจำ
1133,2026-06-24,ลำพูน,ภาคเหนือ,อาหารพร้อมทาน,2,319.98,3.9,ลูกค้าใหม่
1134,2026-08-01,ชัยภูมิ,ภาคตะวันออกเฉียงเหนือ,ขนมและเบเกอรี่,3,269.72,4.0,ลูกค้าใหม่
1135,2026-03-12,นครพนม,ภาคตะวันออกเฉียงเหนือ,อาหารสุขภาพ,4,600.93,4.7,ลูกค้าประจำ
1136,2026-07-05,ลำปาง,ภาคเหนือ,วัตถุดิบ,5,949.38,4.9,ลูกค้าประจำ
1137,2026-02-13,นครปฐม,ภาคกลาง,อาหารพร้อมทาน,5,778.42,4.0,ลูกค้าประจำ
1138,2026-01-19,นครศรีธรรมราช,ภาคใต้,วัตถุดิบ,1,118.52,4.5,ลูกค้าใหม่
1139,2026-08-03,อุดรธานี,ภาคตะวันออกเฉียงเหนือ,อาหารพร้อมทาน,5,689.61,4.1,ลูกค้าประจำ
1140,2026-09-28,พะเยา,ภาคเหนือ,ขนมและเบเกอรี่,1,111.65,4.4,ลูกค้าใหม่
1141,2026-08-15,ลพบุรี,ภาคกลาง,วัตถุดิบ,2,299.9,4.5,ลูกค้าประจำ
1142,2026-06-21,น่าน,ภาคเหนือ,ขนมและเบเกอรี่,1,127.67,4.1,ลูกค้าใหม่
1143,2026-02-17,สุพรรณบุรี,ภาคกลาง,อาหารสุขภาพ,3,461.99,4.3,ลูกค้าประจำ
1144,2026-01-15,สุพรรณบุรี,ภาคกลาง,ขนมและเบเกอรี่,2,195.96,4.8,ลูกค้าประจำ
1145,2026-02-26,ปราจีนบุรี,ภาคตะวันออก,ขนมและเบเกอรี่,4,327.2,4.6,ลูกค้าประจำ
1146,2026-01-25,พังงา,ภาคใต้,อาหารสุขภาพ,3,481.87,4.6,ลูกค้าใหม่
1147,2026-01-03,สงขลา,ภาคใต้,ขนมและเบเกอรี่,5,293.09,4.2,ลูกค้าใหม่
1148,2026-04-30,อุตรดิตถ์,ภาคเหนือ,อาหารสุขภาพ,5,460.79,4.0,ลูกค้าประจำ
1149,2026-05-07,อุดรธานี,ภาคตะวันออกเฉียงเหนือ,เครื่องดื่ม,4,327.28,3.7,ลูกค้าใหม่
1150,2026-08-06,ยะลา,ภาคใต้,วัตถุดิบ,1,141.89,4.7,ลูกค้าใหม่
1151,2026-09-01,ชุมพร,ภาคใต้,อาหารพร้อมทาน,4,361.03,3.8,ลูกค้าใหม่
1152,2026-09-23,ร้อยเอ็ด,ภาคตะวันออกเฉียงเหนือ,อาหารสุขภาพ,4,265.91,4.7,ลูกค้าประจำ
1153,2026-09-08,อุตรดิตถ์,ภาคเหนือ,วัตถุดิบ,4,574.74,4.6,ลูกค้าประจำ
1154,2026-09-06,นครราชสีมา,ภาคตะวันออกเฉียงเหนือ,เครื่องดื่ม,5,217.5,4.6,ลูกค้าใหม่
1155,2026-04-19,สุโขทัย,ภาคกลาง,อาหารสุขภาพ,1,191.83,4.2,ลูกค้าใหม่
1156,2026-07-29,นครราชสีมา,ภาคตะวันออกเฉียงเหนือ,อาหารสุขภาพ,3,601.18,3.7,ลูกค้าประจำ
1157,2026-03-20,อุดรธานี,ภาคตะวันออกเฉียงเหนือ,ขนมและเบเกอรี่,1,70.79,3.7,ลูกค้าประจำ
1158,2026-01-15,ร้อยเอ็ด,ภาคตะวันออกเฉียงเหนือ,ขนมและเบเกอรี่,3,423.21,4.7,ลูกค้าใหม่
1159,2026-05-26,อุทัยธานี,ภาคกลาง,วัตถุดิบ,1,224.18,3.8,ลูกค้าประจำ
1160,2026-02-04,กรุงเทพมหานคร,ภาคกลาง,อาหารพร้อมทาน,5,551.28,4.8,ลูกค้าประจำ
1161,2026-08-20,สมุทรสาคร,ภาคกลาง,อาหารสุขภาพ,3,162.06,4.9,ลูกค้าประจำ
1162,2026-09-16,สมุทรสงคราม,ภาคกลาง,อาหารสุขภาพ,2,503.28,4.5,ลูกค้าประจำ
1163,2026-07-29,สงขลา,ภาคใต้,เครื่องดื่ม,3,127.26,4.1,ลูกค้าประจำ
1164,2026-08-15,มุกดาหาร,ภาคตะวันออกเฉียงเหนือ,อาหารสุขภาพ,1,80.06,4.6,ลูกค้าใหม่
1165,2026-06-08,นครศรีธรรมราช,ภาคใต้,อาหารพร้อมทาน,5,640.38,4.3,ลูกค้าใหม่
1166,2026-01-28,อ่างทอง,ภาคกลาง,อาหารพร้อมทาน,2,347.75,4.9,ลูกค้าใหม่
1167,2026-09-30,สมุทรสงคราม,ภาคกลาง,อาหารสุขภาพ,1,215.37,3.8,ลูกค้าใหม่
1168,2026-08-16,พิจิตร,ภาคกลาง,เครื่องดื่ม,2,126.08,3.6,ลูกค้าประจำ
1169,2026-01-12,ลพบุรี,ภาคกลาง,อาหารสุขภาพ,1,174.6,4.0,ลูกค้าใหม่
1170,2026-07-15,ลำพูน,ภาคเหนือ,อาหารพร้อมทาน,5,728.01,3.9,ลูกค้าใหม่
1171,2026-03-15,เชียงราย,ภาคเหนือ,อาหารสุขภาพ,2,380.71,3.8,ลูกค้าใหม่
1172,2026-03-28,นครพนม,ภาคตะวันออกเฉียงเหนือ,ขนมและเบเกอรี่,4,345.71,3.6,ลูกค้าประจำ
1173,2026-07-19,นนทบุรี,ภาคกลาง,อาหารพร้อมทาน,1,123.13,3.6,ลูกค้าใหม่
1174,2026-03-03,ลำปาง,ภาคเหนือ,ขนมและเบเกอรี่,3,266.51,3.6,ลูกค้าใหม่
1175,2026-09-18,อุบลราชธานี,ภาคตะวันออกเฉียงเหนือ,อาหารสุขภาพ,2,246.7,4.6,ลูกค้าประจำ
1176,2026-08-26,ตรัง,ภาคใต้,ขนมและเบเกอรี่,1,88.33,4.3,ลูกค้าใหม่
1177,2026-04-30,สมุทรสาคร,ภาคกลาง,อาหารพร้อมทาน,4,235.32,4.9,ลูกค้าใหม่
1178,2026-02-21,พัทลุง,ภาคใต้,อาหารสุขภาพ,5,663.28,3.9,ลูกค้าใหม่
1179,2026-02-12,เพชรบูรณ์,ภาคกลาง,อาหารสุขภาพ,4,457.73,4.8,ลูกค้าใหม่
1180,2026-05-06,นครปฐม,ภาคกลาง,ขนมและเบเกอรี่,5,343.95,4.3,ลูกค้าประจำ
1181,2026-08-26,อ่างทอง,ภาคกลาง,วัตถุดิบ,1,188.1,4.9,ลูกค้าประจำ
1182,2026-05-20,นครศรีธรรมราช,ภาคใต้,อาหารพร้อมทาน,1,153.67,4.4,ลูกค้าประจำ
1183,2026-05-25,แม่ฮ่องสอน,ภาคเหนือ,เครื่องดื่ม,5,359.65,3.6,ลูกค้าใหม่
1184,2026-03-04,เพชรบูรณ์,ภาคกลาง,อาหารพร้อมทาน,4,247.81,4.7,ลูกค้าประจำ
1185,2026-06-12,ศรีสะเกษ,ภาคตะวันออกเฉียงเหนือ,เครื่องดื่ม,5,220.13,4.8,ลูกค้าประจำ
1186,2026-06-14,พังงา,ภาคใต้,วัตถุดิบ,3,667.0,4.0,ลูกค้าประจำ
1187,2026-03-10,อุบลราชธานี,ภาคตะวันออกเฉียงเหนือ,ขนมและเบเกอรี่,1,60.92,4.5,ลูกค้าใหม่
1188,2026-03-30,สมุทรสงคราม,ภาคกลาง,อาหารพร้อมทาน,1,96.27,4.1,ลูกค้าประจำ
1189,2026-02-09,ราชบุรี,ภาคตะวันตก,อาหารสุขภาพ,1,154.7,4.3,ลูกค้าประจำ
1190,2026-07-03,ตราด,ภาคตะวันออก,ขนมและเบเกอรี่,4,259.21,4.1,ลูกค้าใหม่
1191,2026-08-16,ตราด,ภาคตะวันออก,วัตถุดิบ,3,554.23,3.5,ลูกค้าใหม่
1192,2026-06-05,พิจิตร,ภาคกลาง,ขนมและเบเกอรี่,2,126.63,4.7,ลูกค้าใหม่
1193,2026-05-24,ประจวบคีรีขันธ์,ภาคตะวันตก,วัตถุดิบ,3,458.82,4.2,ลูกค้าใหม่
1194,2026-05-23,กรุงเทพมหานคร,ภาคกลาง,เครื่องดื่ม,4,280.79,4.4,ลูกค้าประจำ
1195,2026-03-31,นครศรีธรรมราช,ภาคใต้,อาหารสุขภาพ,2,163.68,3.6,ลูกค้าใหม่
1196,2026-04-27,ชลบุรี,ภาคตะวันออก,เครื่องดื่ม,3,194.83,4.8,ลูกค้าประจำ
1197,2026-05-10,นราธิวาส,ภาคใต้,อาหารพร้อมทาน,5,537.35,4.5,ลูกค้าประจำ
1198,2026-08-10,กรุงเทพมหานคร,ภาคกลาง,วัตถุดิบ,1,204.86,4.8,ลูกค้าประจำ
1199,2026-09-11,พิจิตร,ภาคกลาง,อาหารพร้อมทาน,5,601.91,4.0,ลูกค้าใหม่
1200,2026-09-30,ปทุมธานี,ภาคกลาง,อาหารพร้อมทาน,3,458.63,4.2,ลูกค้าใหม่
1201,2026-01-13,ราชบุรี,ภาคตะวันตก,เครื่องดื่ม,3,201.1,5.0,ลูกค้าใหม่
1202,2026-03-26,เลย,ภาคตะวันออกเฉียงเหนือ,อาหารพร้อมทาน,2,214.24,4.0,ลูกค้าใหม่
1203,2026-01-13,เชียงราย,ภาคเหนือ,อาหารพร้อมทาน,4,469.94,4.4,ลูกค้าประจำ
1204,2026-05-03,พระนครศรีอยุธยา,ภาคกลาง,เครื่องดื่ม,1,70.14,4.9,ลูกค้าใหม่
1205,2026-08-13,มหาสารคาม,ภาคตะวันออกเฉียงเหนือ,อาหารสุขภาพ,2,323.91,4.6,ลูกค้าประจำ
1206,2026-01-18,อุตรดิตถ์,ภาคเหนือ,อาหารพร้อมทาน,1,121.22,4.1,ลูกค้าใหม่
1207,2026-06-04,ตาก,ภาคตะวันตก,อาหารพร้อมทาน,4,395.76,4.4,ลูกค้าประจำ
1208,2026-01-27,ชลบุรี,ภาคตะวันออก,อาหารพร้อมทาน,1,90.1,3.9,ลูกค้าประจำ
1209,2026-04-30,ลพบุรี,ภาคกลาง,อาหารพร้อมทาน,5,370.13,4.8,ลูกค้าใหม่
1210,2026-02-21,สตูล,ภาคใต้,วัตถุดิบ,4,983.18,4.0,ลูกค้าใหม่
1211,2026-04-09,สตูล,ภาคใต้,อาหารสุขภาพ,3,297.66,3.7,ลูกค้าใหม่
1212,2026-03-06,อุบลราชธานี,ภาคตะวันออกเฉียงเหนือ,อาหารพร้อมทาน,5,496.06,4.5,ลูกค้าประจำ
1213,2026-08-16,ยโสธร,ภาคตะวันออกเฉียงเหนือ,วัตถุดิบ,4,502.08,3.8,ลูกค้าใหม่
1214,2026-08-12,ขอนแก่น,ภาคตะวันออกเฉียงเหนือ,อาหารพร้อมทาน,2,293.7,4.3,ลูกค้าประจำ
1215,2026-03-17,แพร่,ภาคเหนือ,อาหารสุขภาพ,5,741.01,4.2,ลูกค้าประจำ
1216,2026-03-16,เพชรบุรี,ภาคตะวันตก,ขนมและเบเกอรี่,1,112.17,3.6,ลูกค้าใหม่
1217,2026-04-14,เลย,ภาคตะวันออกเฉียงเหนือ,ขนมและเบเกอรี่,2,158.01,4.7,ลูกค้าประจำ
1218,2026-06-19,นราธิวาส,ภาคใต้,วัตถุดิบ,4,693.2,4.8,ลูกค้าประจำ
1219,2026-02-23,เพชรบูรณ์,ภาคกลาง,วัตถุดิบ,3,427.23,4.2,ลูกค้าใหม่
1220,2026-04-25,สระบุรี,ภาคกลาง,เครื่องดื่ม,1,84.88,4.5,ลูกค้าประจำ
1221,2026-06-19,บุรีรัมย์,ภาคตะวันออกเฉียงเหนือ,เครื่องดื่ม,4,155.39,4.7,ลูกค้าประจำ
1222,2026-07-05,บึงกาฬ,ภาคตะวันออกเฉียงเหนือ,วัตถุดิบ,2,387.88,3.5,ลูกค้าประจำ
1223,2026-05-29,กาฬสินธุ์,ภาคตะวันออกเฉียงเหนือ,อาหารสุขภาพ,1,185.35,4.2,ลูกค้าประจำ
1224,2026-05-26,ขอนแก่น,ภาคตะวันออกเฉียงเหนือ,อาหารพร้อมทาน,2,264.83,3.8,ลูกค้าประจำ
1225,2026-04-02,นครสวรรค์,ภาคกลาง,ขนมและเบเกอรี่,5,453.0,3.8,ลูกค้าใหม่
1226,2026-03-12,พังงา,ภาคใต้,อาหารพร้อมทาน,1,98.69,4.1,ลูกค้าใหม่
1227,2026-05-03,มุกดาหาร,ภาคตะวันออกเฉียงเหนือ,เครื่องดื่ม,3,187.28,4.1,ลูกค้าประจำ
1228,2026-02-03,นครศรีธรรมราช,ภาคใต้,อาหารสุขภาพ,5,732.07,3.7,ลูกค้าใหม่
1229,2026-07-11,นราธิวาส,ภาคใต้,เครื่องดื่ม,5,383.15,4.0,ลูกค้าประจำ
1230,2026-04-07,ปัตตานี,ภาคใต้,อาหารพร้อมทาน,5,838.42,4.8,ลูกค้าประจำ
1231,2026-05-24,นครพนม,ภาคตะวันออกเฉียงเหนือ,ขนมและเบเกอรี่,2,163.52,4.8,ลูกค้าประจำ
1232,2026-02-03,บึงกาฬ,ภาคตะวันออกเฉียงเหนือ,อาหารพร้อมทาน,4,268.28,3.8,ลูกค้าประจำ
1233,2026-08-26,สุโขทัย,ภาคกลาง,ขนมและเบเกอรี่,4,334.45,3.8,ลูกค้าประจำ
1234,2026-05-18,สุราษฎร์ธานี,ภาคใต้,วัตถุดิบ,4,1125.13,4.4,ลูกค้าใหม่
1235,2026-05-01,บึงกาฬ,ภาคตะวันออกเฉียงเหนือ,เครื่องดื่ม,2,98.69,4.1,ลูกค้าประจำ
1236,2026-07-11,เลย,ภาคตะวันออกเฉียงเหนือ,วัตถุดิบ,5,1268.8,3.9,ลูกค้าใหม่
1237,2026-09-23,นครนายก,ภาคกลาง,อาหารพร้อมทาน,3,485.44,4.0,ลูกค้าใหม่
1238,2026-08-07,สมุทรปราการ,ภาคกลาง,อาหารสุขภาพ,5,689.28,4.2,ลูกค้าประจำ
1239,2026-05-20,ลำปาง,ภาคเหนือ,ขนมและเบเกอรี่,4,434.05,4.1,ลูกค้าใหม่
1240,2026-02-08,สกลนคร,ภาคตะวันออกเฉียงเหนือ,เครื่องดื่ม,3,233.23,4.0,ลูกค้าใหม่
1241,2026-02-10,เพชรบุรี,ภาคตะวันตก,อาหารสุขภาพ,5,651.76,4.7,ลูกค้าใหม่
1242,2026-01-20,เชียงราย,ภาคเหนือ,อาหารพร้อมทาน,1,113.89,4.3,ลูกค้าประจำ
1243,2026-05-21,น่าน,ภาคเหนือ,ขนมและเบเกอรี่,3,243.56,3.8,ลูกค้าใหม่
1244,2026-05-25,หนองคาย,ภาคตะวันออกเฉียงเหนือ,ขนมและเบเกอรี่,1,70.9,4.7,ลูกค้าประจำ
1245,2026-09-20,ลพบุรี,ภาคกลาง,อาหารสุขภาพ,1,127.33,5.0,ลูกค้าใหม่
1246,2026-04-18,ราชบุรี,ภาคตะวันตก,เครื่องดื่ม,2,76.69,4.2,ลูกค้าประจำ
1247,2026-04-07,สมุทรปราการ,ภาคกลาง,ขนมและเบเกอรี่,1,95.81,4.1,ลูกค้าประจำ
1248,2026-01-16,บึงกาฬ,ภาคตะวันออกเฉียงเหนือ,วัตถุดิบ,4,523.26,4.1,ลูกค้าใหม่
1249,2026-07-01,แพร่,ภาคเหนือ,อาหารพร้อมทาน,4,431.85,4.0,ลูกค้าประจำ
1250,2026-06-16,เลย,ภาคตะวันออกเฉียงเหนือ,วัตถุดิบ,5,549.92,4.4,ลูกค้าใหม่
1251,2026-07-20,นครนายก,ภาคกลาง,เครื่องดื่ม,3,190.02,5.0,ลูกค้าใหม่
1252,2026-04-07,ราชบุรี,ภาคตะวันตก,อาหารพร้อมทาน,5,688.78,4.2,ลูกค้าประจำ
1253,2026-03-29,อำนาจเจริญ,ภาคตะวันออกเฉียงเหนือ,วัตถุดิบ,3,270.85,3.7,ลูกค้าใหม่
1254,2026-04-06,กำแพงเพชร,ภาคกลาง,อาหารสุขภาพ,4,699.85,3.8,ลูกค้าประจำ
1255,2026-09-26,พิษณุโลก,ภาคกลาง,เครื่องดื่ม,2,169.9,3.6,ลูกค้าใหม่
1256,2026-06-17,ร้อยเอ็ด,ภาคตะวันออกเฉียงเหนือ,อาหารสุขภาพ,1,111.61,4.8,ลูกค้าประจำ
1257,2026-08-03,ราชบุรี,ภาคตะวันตก,เครื่องดื่ม,1,92.18,4.2,ลูกค้าใหม่
1258,2026-06-08,ระยอง,ภาคตะวันออก,เครื่องดื่ม,2,143.62,4.1,ลูกค้าประจำ
1259,2026-04-14,นครราชสีมา,ภาคตะวันออกเฉียงเหนือ,อาหารสุขภาพ,5,659.0,4.3,ลูกค้าประจำ
1260,2026-08-17,พิจิตร,ภาคกลาง,เครื่องดื่ม,1,64.09,3.6,ลูกค้าประจำ
1261,2026-09-09,ปัตตานี,ภาคใต้,อาหารสุขภาพ,3,492.3,4.2,ลูกค้าใหม่
1262,2026-06-02,ชุมพร,ภาคใต้,ขนมและเบเกอรี่,4,387.22,4.1,ลูกค้าใหม่
1263,2026-08-10,ลำพูน,ภาคเหนือ,เครื่องดื่ม,2,132.76,4.2,ลูกค้าใหม่
1264,2026-01-23,อำนาจเจริญ,ภาคตะวันออกเฉียงเหนือ,อาหารพร้อมทาน,4,314.09,3.9,ลูกค้าใหม่
1265,2026-02-04,พิจิตร,ภาคกลาง,อาหารสุขภาพ,3,425.27,4.5,ลูกค้าใหม่
1266,2026-07-08,สระบุรี,ภาคกลาง,วัตถุดิบ,5,581.91,3.6,ลูกค้าใหม่
1267,2026-03-26,สิงห์บุรี,ภาคกลาง,ขนมและเบเกอรี่,4,350.96,3.9,ลูกค้าใหม่
1268,2026-08-25,สมุทรปราการ,ภาคกลาง,อาหารพร้อมทาน,1,78.95,4.1,ลูกค้าประจำ
1269,2026-05-09,นราธิวาส,ภาคใต้,วัตถุดิบ,1,146.9,3.7,ลูกค้าใหม่
1270,2026-02-04,ภูเก็ต,ภาคใต้,วัตถุดิบ,4,895.37,3.6,ลูกค้าใหม่
1271,2026-03-24,สกลนคร,ภาคตะวันออกเฉียงเหนือ,เครื่องดื่ม,4,330.94,3.8,ลูกค้าใหม่
1272,2026-07-20,เชียงราย,ภาคเหนือ,เครื่องดื่ม,3,224.7,3.8,ลูกค้าใหม่
1273,2026-04-02,พัทลุง,ภาคใต้,เครื่องดื่ม,4,189.0,3.8,ลูกค้าใหม่
1274,2026-01-25,สุรินทร์,ภาคตะวันออกเฉียงเหนือ,เครื่องดื่ม,4,203.52,4.8,ลูกค้าใหม่
1275,2026-01-03,ระยอง,ภาคตะวันออก,ขนมและเบเกอรี่,4,495.24,3.6,ลูกค้าประจำ
1276,2026-04-13,น่าน,ภาคเหนือ,เครื่องดื่ม,3,201.91,3.6,ลูกค้าประจำ
1277,2026-02-02,กาฬสินธุ์,ภาคตะวันออกเฉียงเหนือ,อาหารพร้อมทาน,3,568.74,3.8,ลูกค้าใหม่
1278,2026-09-20,นครศรีธรรมราช,ภาคใต้,เครื่องดื่ม,1,67.82,3.7,ลูกค้าประจำ
1279,2026-04-17,ภูเก็ต,ภาคใต้,อาหารสุขภาพ,2,301.83,4.9,ลูกค้าประจำ
1280,2026-02-24,เลย,ภาคตะวันออกเฉียงเหนือ,อาหารพร้อมทาน,2,221.45,4.0,ลูกค้าใหม่
1281,2026-07-19,กระบี่,ภาคใต้,วัตถุดิบ,3,558.03,3.8,ลูกค้าใหม่
1282,2026-01-23,ชลบุรี,ภาคตะวันออก,ขนมและเบเกอรี่,5,456.89,3.6,ลูกค้าใหม่
1283,2026-02-22,ลำปาง,ภาคเหนือ,ขนมและเบเกอรี่,5,531.13,4.6,ลูกค้าใหม่
1284,2026-07-18,พระนครศรีอยุธยา,ภาคกลาง,อาหารพร้อมทาน,5,743.51,4.5,ลูกค้าใหม่
1285,2026-09-04,มหาสารคาม,ภาคตะวันออกเฉียงเหนือ,เครื่องดื่ม,3,133.18,3.6,ลูกค้าใหม่
1286,2026-04-30,อุตรดิตถ์,ภาคเหนือ,วัตถุดิบ,4,432.34,4.3,ลูกค้าใหม่
1287,2026-06-08,ประจวบคีรีขันธ์,ภาคตะวันตก,อาหารพร้อมทาน,5,324.57,3.9,ลูกค้าประจำ
1288,2026-03-12,ปัตตานี,ภาคใต้,อาหารสุขภาพ,1,180.32,4.1,ลูกค้าประจำ
1289,2026-01-20,น่าน,ภาคเหนือ,เครื่องดื่ม,4,188.28,3.9,ลูกค้าประจำ
1290,2026-01-21,มหาสารคาม,ภาคตะวันออกเฉียงเหนือ,เครื่องดื่ม,3,90.05,4.3,ลูกค้าประจำ
1291,2026-06-19,พิษณุโลก,ภาคกลาง,อาหารพร้อมทาน,2,223.82,4.0,ลูกค้าใหม่
1292,2026-04-24,หนองคาย,ภาคตะวันออกเฉียงเหนือ,อาหารพร้อมทาน,2,331.14,4.4,ลูกค้าประจำ
1293,2026-01-04,สุพรรณบุรี,ภาคกลาง,ขนมและเบเกอรี่,2,180.23,3.6,ลูกค้าประจำ
1294,2026-03-14,ชลบุรี,ภาคตะวันออก,เครื่องดื่ม,1,66.83,4.9,ลูกค้าใหม่
1295,2026-04-15,ชุมพร,ภาคใต้,เครื่องดื่ม,5,298.48,3.9,ลูกค้าใหม่
1296,2026-04-12,เลย,ภาคตะวันออกเฉียงเหนือ,วัตถุดิบ,3,526.65,3.9,ลูกค้าใหม่
1297,2026-08-18,ปัตตานี,ภาคใต้,ขนมและเบเกอรี่,3,315.44,5.0,ลูกค้าใหม่
1298,2026-07-23,พัทลุง,ภาคใต้,วัตถุดิบ,1,166.94,4.1,ลูกค้าประจำ
1299,2026-08-10,สกลนคร,ภาคตะวันออกเฉียงเหนือ,วัตถุดิบ,5,864.15,4.6,ลูกค้าประจำ
1300,2026-06-03,กาญจนบุรี,ภาคตะวันตก,วัตถุดิบ,4,777.91,4.4,ลูกค้าใหม่
1301,2026-08-26,หนองบัวลำภู,ภาคตะวันออกเฉียงเหนือ,เครื่องดื่ม,3,154.31,4.0,ลูกค้าประจำ
1302,2026-02-06,ระนอง,ภาคใต้,อาหารสุขภาพ,5,948.49,4.0,ลูกค้าประจำ
1303,2026-01-07,น่าน,ภาคเหนือ,เครื่องดื่ม,2,124.31,4.8,ลูกค้าประจำ
1304,2026-07-11,สระแก้ว,ภาคตะวันออก,วัตถุดิบ,4,554.77,4.1,ลูกค้าประจำ
1305,2026-03-05,อุทัยธานี,ภาคกลาง,อาหารพร้อมทาน,4,544.38,4.1,ลูกค้าใหม่
1306,2026-06-28,นราธิวาส,ภาคใต้,วัตถุดิบ,3,355.9,4.3,ลูกค้าประจำ
1307,2026-05-07,ร้อยเอ็ด,ภาคตะวันออกเฉียงเหนือ,อาหารพร้อมทาน,4,459.21,3.9,ลูกค้าใหม่
1308,2026-08-22,ยะลา,ภาคใต้,อาหารพร้อมทาน,2,239.45,4.9,ลูกค้าใหม่
1309,2026-03-24,พระนครศรีอยุธยา,ภาคกลาง,เครื่องดื่ม,5,371.91,3.5,ลูกค้าใหม่
1310,2026-09-23,ระยอง,ภาคตะวันออก,วัตถุดิบ,5,1006.81,4.9,ลูกค้าประจำ
1311,2026-06-04,นครศรีธรรมราช,ภาคใต้,วัตถุดิบ,3,456.13,4.3,ลูกค้าประจำ
1312,2026-02-15,อุทัยธานี,ภาคกลาง,ขนมและเบเกอรี่,4,389.03,3.7,ลูกค้าประจำ
1313,2026-07-23,นครปฐม,ภาคกลาง,ขนมและเบเกอรี่,2,217.63,4.5,ลูกค้าใหม่
1314,2026-02-05,นครศรีธรรมราช,ภาคใต้,วัตถุดิบ,1,205.1,4.7,ลูกค้าประจำ
1315,2026-08-09,สุราษฎร์ธานี,ภาคใต้,วัตถุดิบ,3,460.19,3.8,ลูกค้าประจำ
1316,2026-04-04,นนทบุรี,ภาคกลาง,เครื่องดื่ม,2,83.0,4.3,ลูกค้าใหม่
1317,2026-04-13,สงขลา,ภาคใต้,อาหารสุขภาพ,2,234.79,3.6,ลูกค้าใหม่
1318,2026-02-25,นราธิวาส,ภาคใต้,ขนมและเบเกอรี่,4,333.45,4.8,ลูกค้าใหม่
1319,2026-03-05,ชัยภูมิ,ภาคตะวันออกเฉียงเหนือ,ขนมและเบเกอรี่,1,76.5,3.9,ลูกค้าประจำ
1320,2026-09-06,กาฬสินธุ์,ภาคตะวันออกเฉียงเหนือ,อาหารสุขภาพ,2,289.79,4.5,ลูกค้าใหม่
1321,2026-01-22,กระบี่,ภาคใต้,อาหารพร้อมทาน,3,365.1,3.6,ลูกค้าใหม่
1322,2026-09-06,ระนอง,ภาคใต้,อาหารสุขภาพ,5,905.94,4.2,ลูกค้าประจำ
1323,2026-06-25,เลย,ภาคตะวันออกเฉียงเหนือ,ขนมและเบเกอรี่,3,237.98,5.0,ลูกค้าใหม่
1324,2026-01-30,ยะลา,ภาคใต้,วัตถุดิบ,4,726.81,5.0,ลูกค้าประจำ
1325,2026-07-25,เชียงราย,ภาคเหนือ,อาหารพร้อมทาน,4,414.58,4.6,ลูกค้าใหม่
1326,2026-05-24,กาฬสินธุ์,ภาคตะวันออกเฉียงเหนือ,อาหารสุขภาพ,1,72.88,4.9,ลูกค้าใหม่
1327,2026-09-01,ร้อยเอ็ด,ภาคตะวันออกเฉียงเหนือ,วัตถุดิบ,5,585.35,4.3,ลูกค้าใหม่
1328,2026-07-04,กรุงเทพมหานคร,ภาคกลาง,ขนมและเบเกอรี่,1,77.84,4.8,ลูกค้าประจำ
1329,2026-07-24,สกลนคร,ภาคตะวันออกเฉียงเหนือ,เครื่องดื่ม,5,215.38,4.6,ลูกค้าใหม่
1330,2026-02-21,แม่ฮ่องสอน,ภาคเหนือ,วัตถุดิบ,4,703.79,4.6,ลูกค้าประจำ
1331,2026-09-16,นราธิวาส,ภาคใต้,เครื่องดื่ม,5,404.44,3.5,ลูกค้าประจำ
1332,2026-03-28,ชุมพร,ภาคใต้,ขนมและเบเกอรี่,5,588.74,4.8,ลูกค้าใหม่
1333,2026-04-19,สมุทรสาคร,ภาคกลาง,อาหารสุขภาพ,2,302.92,3.8,ลูกค้าใหม่
1334,2026-06-17,เชียงใหม่,ภาคเหนือ,วัตถุดิบ,1,247.08,4.9,ลูกค้าประจำ
1335,2026-03-05,ปทุมธานี,ภาคกลาง,ขนมและเบเกอรี่,4,335.0,4.5,ลูกค้าประจำ
1336,2026-02-03,ชุมพร,ภาคใต้,ขนมและเบเกอรี่,2,156.59,4.5,ลูกค้าประจำ
1337,2026-04-25,ระนอง,ภาคใต้,อาหารสุขภาพ,4,541.86,3.9,ลูกค้าประจำ
1338,2026-04-07,ชุมพร,ภาคใต้,อาหารพร้อมทาน,1,110.93,4.6,ลูกค้าใหม่
1339,2026-07-14,อุดรธานี,ภาคตะวันออกเฉียงเหนือ,ขนมและเบเกอรี่,2,171.56,4.4,ลูกค้าใหม่
1340,2026-04-08,แพร่,ภาคเหนือ,อาหารพร้อมทาน,5,563.01,4.8,ลูกค้าประจำ
1341,2026-04-24,พะเยา,ภาคเหนือ,ขนมและเบเกอรี่,2,177.86,3.7,ลูกค้าใหม่
1342,2026-06-01,สุรินทร์,ภาคตะวันออกเฉียงเหนือ,วัตถุดิบ,3,540.41,4.8,ลูกค้าประจำ
1343,2026-03-16,สตูล,ภาคใต้,เครื่องดื่ม,5,360.5,4.6,ลูกค้าใหม่
1344,2026-03-05,อุบลราชธานี,ภาคตะวันออกเฉียงเหนือ,ขนมและเบเกอรี่,3,332.85,3.9,ลูกค้าประจำ
1345,2026-07-12,บุรีรัมย์,ภาคตะวันออกเฉียงเหนือ,วัตถุดิบ,3,567.96,3.6,ลูกค้าประจำ
1346,2026-01-27,นครพนม,ภาคตะวันออกเฉียงเหนือ,เครื่องดื่ม,2,69.48,4.9,ลูกค้าใหม่
1347,2026-03-23,สระแก้ว,ภาคตะวันออก,วัตถุดิบ,3,165.94,5.0,ลูกค้าประจำ
1348,2026-07-20,มุกดาหาร,ภาคตะวันออกเฉียงเหนือ,วัตถุดิบ,4,888.18,4.1,ลูกค้าประจำ
1349,2026-02-19,พิษณุโลก,ภาคกลาง,เครื่องดื่ม,5,203.24,3.7,ลูกค้าใหม่
1350,2026-03-12,เพชรบูรณ์,ภาคกลาง,วัตถุดิบ,2,305.79,4.2,ลูกค้าประจำ
1351,2026-04-11,เพชรบุรี,ภาคตะวันตก,เครื่องดื่ม,2,91.97,4.6,ลูกค้าใหม่
1352,2026-03-17,ยะลา,ภาคใต้,อาหารสุขภาพ,1,74.73,4.1,ลูกค้าประจำ
1353,2026-08-31,นครศรีธรรมราช,ภาคใต้,อาหารพร้อมทาน,1,136.24,3.8,ลูกค้าใหม่
1354,2026-08-11,ตราด,ภาคตะวันออก,อาหารสุขภาพ,3,513.99,5.0,ลูกค้าประจำ
1355,2026-07-23,ปัตตานี,ภาคใต้,อาหารพร้อมทาน,1,102.7,4.2,ลูกค้าใหม่
1356,2026-07-15,ระนอง,ภาคใต้,อาหารพร้อมทาน,4,143.71,3.9,ลูกค้าประจำ
1357,2026-02-12,ร้อยเอ็ด,ภาคตะวันออกเฉียงเหนือ,อาหารพร้อมทาน,1,103.61,3.7,ลูกค้าใหม่
1358,2026-09-03,กาญจนบุรี,ภาคตะวันตก,อาหารสุขภาพ,5,790.52,3.9,ลูกค้าใหม่
1359,2026-08-11,อุทัยธานี,ภาคกลาง,เครื่องดื่ม,4,155.68,3.9,ลูกค้าใหม่
1360,2026-04-05,เชียงราย,ภาคเหนือ,ขนมและเบเกอรี่,1,84.45,4.1,ลูกค้าใหม่
1361,2026-09-08,ราชบุรี,ภาคตะวันตก,อาหารสุขภาพ,5,717.24,3.6,ลูกค้าใหม่
1362,2026-04-03,บึงกาฬ,ภาคตะวันออกเฉียงเหนือ,อาหารพร้อมทาน,2,247.28,3.5,ลูกค้าประจำ
1363,2026-04-16,พะเยา,ภาคเหนือ,อาหารพร้อมทาน,1,123.59,4.5,ลูกค้าใหม่
1364,2026-03-05,อ่างทอง,ภาคกลาง,ขนมและเบเกอรี่,1,71.89,4.3,ลูกค้าประจำ
1365,2026-01-01,หนองคาย,ภาคตะวันออกเฉียงเหนือ,เครื่องดื่ม,4,287.11,3.9,ลูกค้าใหม่
1366,2026-03-13,สุพรรณบุรี,ภาคกลาง,ขนมและเบเกอรี่,5,433.37,4.4,ลูกค้าประจำ
1367,2026-09-19,สุพรรณบุรี,ภาคกลาง,ขนมและเบเกอรี่,5,424.58,3.8,ลูกค้าใหม่
1368,2026-03-14,ขอนแก่น,ภาคตะวันออกเฉียงเหนือ,เครื่องดื่ม,1,49.83,3.9,ลูกค้าใหม่
1369,2026-07-03,นครนายก,ภาคกลาง,อาหารสุขภาพ,5,711.34,3.9,ลูกค้าประจำ
1370,2026-07-15,ชัยนาท,ภาคกลาง,อาหารสุขภาพ,3,373.82,4.5,ลูกค้าใหม่
1371,2026-08-06,ลพบุรี,ภาคกลาง,วัตถุดิบ,1,172.22,4.9,ลูกค้าใหม่
1372,2026-05-18,สุรินทร์,ภาคตะวันออกเฉียงเหนือ,เครื่องดื่ม,1,78.89,5.0,ลูกค้าใหม่
1373,2026-03-25,ร้อยเอ็ด,ภาคตะวันออกเฉียงเหนือ,อาหารสุขภาพ,5,473.06,4.1,ลูกค้าใหม่
1374,2026-05-07,พะเยา,ภาคเหนือ,วัตถุดิบ,4,429.56,3.6,ลูกค้าใหม่
1375,2026-02-03,สุรินทร์,ภาคตะวันออกเฉียงเหนือ,อาหารพร้อมทาน,5,779.64,4.0,ลูกค้าใหม่
1376,2026-04-26,ยะลา,ภาคใต้,ขนมและเบเกอรี่,3,270.09,3.9,ลูกค้าใหม่
1377,2026-03-05,ระนอง,ภาคใต้,เครื่องดื่ม,4,216.51,3.8,ลูกค้าประจำ
1378,2026-06-28,อุทัยธานี,ภาคกลาง,วัตถุดิบ,1,204.12,4.6,ลูกค้าประจำ
1379,2026-01-25,หนองบัวลำภู,ภาคตะวันออกเฉียงเหนือ,ขนมและเบเกอรี่,5,403.08,3.8,ลูกค้าประจำ
1380,2026-07-26,นนทบุรี,ภาคกลาง,ขนมและเบเกอรี่,5,622.65,4.2,ลูกค้าใหม่
1381,2026-03-21,พังงา,ภาคใต้,อาหารพร้อมทาน,5,596.44,4.5,ลูกค้าใหม่
1382,2026-07-09,ระนอง,ภาคใต้,อาหารสุขภาพ,3,421.45,4.6,ลูกค้าใหม่
1383,2026-07-01,ลำพูน,ภาคเหนือ,วัตถุดิบ,2,526.45,4.7,ลูกค้าประจำ
1384,2026-04-28,พิจิตร,ภาคกลาง,วัตถุดิบ,5,649.16,4.0,ลูกค้าใหม่
1385,2026-02-10,แพร่,ภาคเหนือ,วัตถุดิบ,3,640.18,3.6,ลูกค้าใหม่
1386,2026-02-13,ชุมพร,ภาคใต้,เครื่องดื่ม,5,349.32,4.6,ลูกค้าประจำ
1387,2026-03-11,กระบี่,ภาคใต้,วัตถุดิบ,5,1013.96,4.2,ลูกค้าใหม่
1388,2026-01-04,ลพบุรี,ภาคกลาง,อาหารพร้อมทาน,5,834.23,4.6,ลูกค้าประจำ
1389,2026-08-18,ปัตตานี,ภาคใต้,อาหารสุขภาพ,5,806.4,4.9,ลูกค้าใหม่
1390,2026-09-21,นครสวรรค์,ภาคกลาง,อาหารพร้อมทาน,3,292.19,4.0,ลูกค้าใหม่
1391,2026-07-11,เลย,ภาคตะวันออกเฉียงเหนือ,วัตถุดิบ,4,802.79,5.0,ลูกค้าประจำ
1392,2026-06-03,ปัตตานี,ภาคใต้,อาหารสุขภาพ,1,132.89,4.2,ลูกค้าประจำ
1393,2026-04-22,บุรีรัมย์,ภาคตะวันออกเฉียงเหนือ,อาหารพร้อมทาน,5,856.91,4.9,ลูกค้าใหม่
1394,2026-07-02,สมุทรปราการ,ภาคกลาง,อาหารสุขภาพ,4,661.85,3.5,ลูกค้าประจำ
1395,2026-01-03,มหาสารคาม,ภาคตะวันออกเฉียงเหนือ,ขนมและเบเกอรี่,3,258.97,4.0,ลูกค้าใหม่
1396,2026-08-09,ลพบุรี,ภาคกลาง,ขนมและเบเกอรี่,1,99.39,4.2,ลูกค้าใหม่
1397,2026-03-05,สุราษฎร์ธานี,ภาคใต้,อาหารสุขภาพ,2,201.62,4.9,ลูกค้าใหม่
1398,2026-07-22,นครพนม,ภาคตะวันออกเฉียงเหนือ,ขนมและเบเกอรี่,2,136.66,4.1,ลูกค้าประจำ
1399,2026-02-25,เลย,ภาคตะวันออกเฉียงเหนือ,เครื่องดื่ม,5,422.53,5.0,ลูกค้าประจำ
1400,2026-08-11,นครราชสีมา,ภาคตะวันออกเฉียงเหนือ,เครื่องดื่ม,3,138.53,3.5,ลูกค้าใหม่
1401,2026-03-10,ตรัง,ภาคใต้,เครื่องดื่ม,3,143.96,4.1,ลูกค้าประจำ
1402,2026-05-17,กำแพงเพชร,ภาคกลาง,เครื่องดื่ม,2,140.07,3.7,ลูกค้าประจำ
1403,2026-07-24,หนองบัวลำภู,ภาคตะวันออกเฉียงเหนือ,วัตถุดิบ,2,466.71,4.3,ลูกค้าประจำ
1404,2026-03-06,ตาก,ภาคตะวันตก,อาหารพร้อมทาน,1,141.57,3.7,ลูกค้าใหม่
1405,2026-01-05,ปราจีนบุรี,ภาคตะวันออก,อาหารพร้อมทาน,3,427.16,4.2,ลูกค้าประจำ
1406,2026-05-07,พิษณุโลก,ภาคกลาง,วัตถุดิบ,1,138.65,4.4,ลูกค้าใหม่
1407,2026-05-07,ปัตตานี,ภาคใต้,ขนมและเบเกอรี่,1,61.23,4.5,ลูกค้าประจำ
1408,2026-09-15,น่าน,ภาคเหนือ,วัตถุดิบ,1,210.43,4.4,ลูกค้าใหม่
1409,2026-03-09,อุทัยธานี,ภาคกลาง,เครื่องดื่ม,2,119.51,4.1,ลูกค้าประจำ
1410,2026-04-13,นราธิวาส,ภาคใต้,เครื่องดื่ม,4,243.7,3.6,ลูกค้าใหม่
1411,2026-04-29,ระนอง,ภาคใต้,วัตถุดิบ,5,1198.84,3.8,ลูกค้าประจำ
1412,2026-01-27,สมุทรสาคร,ภาคกลาง,อาหารพร้อมทาน,5,649.26,4.0,ลูกค้าประจำ
1413,2026-08-03,ยะลา,ภาคใต้,ขนมและเบเกอรี่,3,269.86,3.9,ลูกค้าใหม่
1414,2026-06-14,นนทบุรี,ภาคกลาง,อาหารพร้อมทาน,1,184.95,3.8,ลูกค้าประจำ
1415,2026-04-05,พิจิตร,ภาคกลาง,อาหารสุขภาพ,1,127.55,3.9,ลูกค้าประจำ
1416,2026-02-19,ยะลา,ภาคใต้,ขนมและเบเกอรี่,3,351.11,4.5,ลูกค้าใหม่
1417,2026-09-28,มหาสารคาม,ภาคตะวันออกเฉียงเหนือ,ขนมและเบเกอรี่,3,245.7,4.4,ลูกค้าใหม่
1418,2026-02-14,พิจิตร,ภาคกลาง,เครื่องดื่ม,5,329.48,4.8,ลูกค้าใหม่
1419,2026-04-08,ตราด,ภาคตะวันออก,อาหารพร้อมทาน,5,704.88,3.8,ลูกค้าประจำ
1420,2026-06-25,เชียงราย,ภาคเหนือ,อาหารพร้อมทาน,5,608.56,4.0,ลูกค้าประจำ
1421,2026-03-07,น่าน,ภาคเหนือ,อาหารสุขภาพ,2,363.06,3.8,ลูกค้าประจำ
1422,2026-03-02,อ่างทอง,ภาคกลาง,ขนมและเบเกอรี่,3,343.35,4.9,ลูกค้าใหม่
1423,2026-01-12,สมุทรสาคร,ภาคกลาง,วัตถุดิบ,5,736.1,3.8,ลูกค้าประจำ
1424,2026-02-01,ตาก,ภาคตะวันตก,ขนมและเบเกอรี่,1,67.56,4.7,ลูกค้าใหม่
1425,2026-02-08,ราชบุรี,ภาคตะวันตก,วัตถุดิบ,5,598.43,3.7,ลูกค้าประจำ
1426,2026-05-20,อ่างทอง,ภาคกลาง,วัตถุดิบ,4,329.45,3.8,ลูกค้าใหม่
1427,2026-01-05,นครราชสีมา,ภาคตะวันออกเฉียงเหนือ,อาหารสุขภาพ,2,436.05,4.8,ลูกค้าประจำ
1428,2026-04-23,สิงห์บุรี,ภาคกลาง,อาหารสุขภาพ,3,347.61,3.9,ลูกค้าประจำ
1429,2026-01-24,หนองบัวลำภู,ภาคตะวันออกเฉียงเหนือ,อาหารพร้อมทาน,2,226.72,4.3,ลูกค้าประจำ
1430,2026-05-19,ขอนแก่น,ภาคตะวันออกเฉียงเหนือ,เครื่องดื่ม,3,181.51,4.8,ลูกค้าใหม่
1431,2026-01-01,ปัตตานี,ภาคใต้,เครื่องดื่ม,5,349.98,4.5,ลูกค้าประจำ
1432,2026-03-10,ภูเก็ต,ภาคใต้,อาหารพร้อมทาน,5,722.36,4.1,ลูกค้าประจำ
1433,2026-04-23,ภูเก็ต,ภาคใต้,อาหารพร้อมทาน,1,145.81,4.6,ลูกค้าประจำ
1434,2026-02-24,นครสวรรค์,ภาคกลาง,ขนมและเบเกอรี่,1,73.04,4.6,ลูกค้าประจำ
1435,2026-08-15,พระนครศรีอยุธยา,ภาคกลาง,อาหารสุขภาพ,5,766.58,3.8,ลูกค้าประจำ
1436,2026-08-17,บึงกาฬ,ภาคตะวันออกเฉียงเหนือ,อาหารสุขภาพ,4,685.21,3.8,ลูกค้าประจำ
1437,2026-09-11,ร้อยเอ็ด,ภาคตะวันออกเฉียงเหนือ,เครื่องดื่ม,4,243.84,3.8,ลูกค้าใหม่
1438,2026-04-03,นครสวรรค์,ภาคกลาง,เครื่องดื่ม,5,432.82,4.5,ลูกค้าใหม่
1439,2026-04-07,แพร่,ภาคเหนือ,เครื่องดื่ม,2,138.66,3.6,ลูกค้าใหม่
1440,2026-07-26,เลย,ภาคตะวันออกเฉียงเหนือ,เครื่องดื่ม,4,261.6,3.7,ลูกค้าใหม่
1441,2026-07-16,กระบี่,ภาคใต้,อาหารสุขภาพ,1,177.19,3.5,ลูกค้าใหม่
1442,2026-05-18,ขอนแก่น,ภาคตะวันออกเฉียงเหนือ,เครื่องดื่ม,2,168.14,3.7,ลูกค้าใหม่
1443,2026-06-23,กระบี่,ภาคใต้,อาหารพร้อมทาน,5,533.08,4.8,ลูกค้าใหม่
1444,2026-08-16,น่าน,ภาคเหนือ,เครื่องดื่ม,4,158.14,4.7,ลูกค้าประจำ
1445,2026-01-29,มหาสารคาม,ภาคตะวันออกเฉียงเหนือ,วัตถุดิบ,2,395.97,4.3,ลูกค้าประจำ
1446,2026-02-22,หนองคาย,ภาคตะวันออกเฉียงเหนือ,อาหารพร้อมทาน,1,100.46,4.3,ลูกค้าใหม่
1447,2026-04-25,สุโขทัย,ภาคกลาง,วัตถุดิบ,2,312.42,3.5,ลูกค้าประจำ
1448,2026-05-27,ระยอง,ภาคตะวันออก,เครื่องดื่ม,3,190.05,3.8,ลูกค้าประจำ
1449,2026-04-25,ตรัง,ภาคใต้,วัตถุดิบ,2,471.45,3.7,ลูกค้าประจำ
1450,2026-03-02,ยโสธร,ภาคตะวันออกเฉียงเหนือ,อาหารพร้อมทาน,5,603.19,4.0,ลูกค้าใหม่
1451,2026-08-08,ขอนแก่น,ภาคตะวันออกเฉียงเหนือ,อาหารสุขภาพ,2,344.71,4.3,ลูกค้าใหม่
1452,2026-05-27,เลย,ภาคตะวันออกเฉียงเหนือ,เครื่องดื่ม,3,250.18,4.0,ลูกค้าใหม่
1453,2026-02-09,พัทลุง,ภาคใต้,วัตถุดิบ,3,572.5,4.7,ลูกค้าใหม่
1454,2026-08-17,นครปฐม,ภาคกลาง,ขนมและเบเกอรี่,2,297.9,4.6,ลูกค้าประจำ
1455,2026-05-23,ชลบุรี,ภาคตะวันออก,อาหารพร้อมทาน,5,650.59,3.7,ลูกค้าประจำ
1456,2026-06-13,ตาก,ภาคตะวันตก,เครื่องดื่ม,4,145.55,4.2,ลูกค้าประจำ
1457,2026-05-06,ลำปาง,ภาคเหนือ,อาหารสุขภาพ,3,570.4,4.1,ลูกค้าประจำ
1458,2026-04-28,สุรินทร์,ภาคตะวันออกเฉียงเหนือ,อาหารสุขภาพ,4,630.89,4.1,ลูกค้าประจำ
1459,2026-02-14,สุราษฎร์ธานี,ภาคใต้,อาหารสุขภาพ,2,359.7,3.9,ลูกค้าใหม่
1460,2026-08-31,บึงกาฬ,ภาคตะวันออกเฉียงเหนือ,อาหารพร้อมทาน,3,378.53,4.9,ลูกค้าใหม่
1461,2026-05-31,ฉะเชิงเทรา,ภาคตะวันออก,ขนมและเบเกอรี่,3,275.14,4.2,ลูกค้าประจำ
1462,2026-03-12,ปัตตานี,ภาคใต้,เครื่องดื่ม,2,90.21,3.7,ลูกค้าใหม่
1463,2026-01-28,ระนอง,ภาคใต้,อาหารพร้อมทาน,4,454.92,4.6,ลูกค้าใหม่
1464,2026-03-17,สมุทรสาคร,ภาคกลาง,อาหารสุขภาพ,2,251.96,4.0,ลูกค้าใหม่
1465,2026-08-02,ปัตตานี,ภาคใต้,อาหารพร้อมทาน,1,92.33,3.7,ลูกค้าใหม่
1466,2026-06-03,สมุทรสงคราม,ภาคกลาง,เครื่องดื่ม,5,316.9,4.2,ลูกค้าประจำ
1467,2026-03-21,สกลนคร,ภาคตะวันออกเฉียงเหนือ,อาหารพร้อมทาน,3,510.29,3.6,ลูกค้าใหม่
1468,2026-07-22,นครสวรรค์,ภาคกลาง,อาหารสุขภาพ,2,351.57,4.7,ลูกค้าประจำ
1469,2026-06-06,หนองบัวลำภู,ภาคตะวันออกเฉียงเหนือ,ขนมและเบเกอรี่,5,299.69,4.6,ลูกค้าประจำ
1470,2026-07-13,นครราชสีมา,ภาคตะวันออกเฉียงเหนือ,ขนมและเบเกอรี่,1,95.0,5.0,ลูกค้าใหม่
1471,2026-04-23,บุรีรัมย์,ภาคตะวันออกเฉียงเหนือ,วัตถุดิบ,5,1169.24,4.1,ลูกค้าใหม่
1472,2026-07-27,สมุทรปราการ,ภาคกลาง,วัตถุดิบ,3,389.03,4.7,ลูกค้าใหม่
1473,2026-05-19,จันทบุรี,ภาคตะวันออก,ขนมและเบเกอรี่,4,367.27,3.7,ลูกค้าใหม่
1474,2026-05-03,ยะลา,ภาคใต้,อาหารสุขภาพ,3,481.76,3.9,ลูกค้าใหม่
1475,2026-06-08,ชลบุรี,ภาคตะวันออก,เครื่องดื่ม,5,261.23,3.8,ลูกค้าใหม่
1476,2026-01-23,กำแพงเพชร,ภาคกลาง,เครื่องดื่ม,3,226.6,4.3,ลูกค้าประจำ
1477,2026-06-08,ขอนแก่น,ภาคตะวันออกเฉียงเหนือ,อาหารพร้อมทาน,3,349.11,3.5,ลูกค้าประจำ
1478,2026-06-11,พิษณุโลก,ภาคกลาง,วัตถุดิบ,5,994.39,4.6,ลูกค้าประจำ
1479,2026-09-15,ตาก,ภาคตะวันตก,อาหารพร้อมทาน,3,266.12,3.7,ลูกค้าใหม่
1480,2026-01-20,กาฬสินธุ์,ภาคตะวันออกเฉียงเหนือ,อาหารสุขภาพ,4,541.51,3.9,ลูกค้าใหม่
1481,2026-04-29,สมุทรปราการ,ภาคกลาง,อาหารพร้อมทาน,1,120.42,4.8,ลูกค้าใหม่
1482,2026-09-25,นครราชสีมา,ภาคตะวันออกเฉียงเหนือ,อาหารสุขภาพ,5,616.62,4.9,ลูกค้าประจำ
1483,2026-07-04,สงขลา,ภาคใต้,เครื่องดื่ม,3,279.19,4.4,ลูกค้าประจำ
1484,2026-02-08,ขอนแก่น,ภาคตะวันออกเฉียงเหนือ,วัตถุดิบ,2,324.03,4.9,ลูกค้าประจำ
1485,2026-02-14,เชียงราย,ภาคเหนือ,อาหารพร้อมทาน,2,253.48,4.2,ลูกค้าประจำ
1486,2026-02-04,พะเยา,ภาคเหนือ,เครื่องดื่ม,3,240.46,3.9,ลูกค้าประจำ
1487,2026-08-24,ยโสธร,ภาคตะวันออกเฉียงเหนือ,อาหารพร้อมทาน,1,77.45,3.9,ลูกค้าประจำ
1488,2026-09-07,พระนครศรีอยุธยา,ภาคกลาง,วัตถุดิบ,2,201.53,3.6,ลูกค้าประจำ
1489,2026-03-08,ลพบุรี,ภาคกลาง,วัตถุดิบ,5,473.22,4.2,ลูกค้าประจำ
1490,2026-08-19,ร้อยเอ็ด,ภาคตะวันออกเฉียงเหนือ,อาหารพร้อมทาน,4,568.36,3.9,ลูกค้าใหม่
1491,2026-03-21,ฉะเชิงเทรา,ภาคตะวันออก,เครื่องดื่ม,5,280.16,4.8,ลูกค้าประจำ
1492,2026-02-07,ระนอง,ภาคใต้,เครื่องดื่ม,5,506.21,3.8,ลูกค้าประจำ
1493,2026-08-27,ชุมพร,ภาคใต้,ขนมและเบเกอรี่,4,310.08,3.7,ลูกค้าใหม่
1494,2026-07-25,เชียงใหม่,ภาคเหนือ,วัตถุดิบ,4,753.22,4.0,ลูกค้าประจำ
1495,2026-09-01,มุกดาหาร,ภาคตะวันออกเฉียงเหนือ,อาหารสุขภาพ,4,886.74,3.7,ลูกค้าประจำ
1496,2026-03-16,กำแพงเพชร,ภาคกลาง,อาหารสุขภาพ,2,456.46,4.5,ลูกค้าประจำ
1497,2026-02-01,อำนาจเจริญ,ภาคตะวันออกเฉียงเหนือ,อาหารพร้อมทาน,5,863.76,4.9,ลูกค้าประจำ
1498,2026-04-19,ศรีสะเกษ,ภาคตะวันออกเฉียงเหนือ,วัตถุดิบ,2,468.75,4.8,ลูกค้าประจำ
1499,2026-03-14,พัทลุง,ภาคใต้,ขนมและเบเกอรี่,2,238.64,3.6,ลูกค้าประจำ
1500,2026-09-26,ชัยภูมิ,ภาคตะวันออกเฉียงเหนือ,ขนมและเบเกอรี่,4,414.48,3.8,ลูกค้าประจำ
1501,2026-06-25,นนทบุรี,ภาคกลาง,อาหารพร้อมทาน,1,136.18,4.9,ลูกค้าประจำ
1502,2026-09-04,นครศรีธรรมราช,ภาคใต้,เครื่องดื่ม,3,159.72,4.2,ลูกค้าใหม่
1503,2026-01-06,ศรีสะเกษ,ภาคตะวันออกเฉียงเหนือ,ขนมและเบเกอรี่,5,358.95,4.3,ลูกค้าใหม่
1504,2026-06-15,ชัยนาท,ภาคกลาง,อาหารสุขภาพ,5,799.33,4.5,ลูกค้าประจำ
1505,2026-09-13,กระบี่,ภาคใต้,เครื่องดื่ม,4,248.94,4.8,ลูกค้าใหม่
1506,2026-01-02,ลำปาง,ภาคเหนือ,ขนมและเบเกอรี่,5,358.0,5.0,ลูกค้าใหม่
1507,2026-04-22,สงขลา,ภาคใต้,อาหารสุขภาพ,1,187.86,4.6,ลูกค้าใหม่
1508,2026-07-13,ลำพูน,ภาคเหนือ,อาหารสุขภาพ,2,356.78,3.8,ลูกค้าใหม่
1509,2026-07-06,นราธิวาส,ภาคใต้,อาหารสุขภาพ,1,163.54,3.5,ลูกค้าประจำ
1510,2026-08-22,สิงห์บุรี,ภาคกลาง,อาหารพร้อมทาน,4,558.71,4.1,ลูกค้าประจำ
1511,2026-06-21,ยโสธร,ภาคตะวันออกเฉียงเหนือ,อาหารสุขภาพ,4,411.6,3.7,ลูกค้าใหม่
1512,2026-03-25,สตูล,ภาคใต้,วัตถุดิบ,3,513.86,4.3,ลูกค้าประจำ
1513,2026-02-20,พิษณุโลก,ภาคกลาง,วัตถุดิบ,3,376.74,5.0,ลูกค้าใหม่
1514,2026-02-23,ชุมพร,ภาคใต้,อาหารพร้อมทาน,5,304.02,4.2,ลูกค้าใหม่
1515,2026-05-29,สกลนคร,ภาคตะวันออกเฉียงเหนือ,อาหารสุขภาพ,5,783.46,4.8,ลูกค้าใหม่
1516,2026-02-28,ปทุมธานี,ภาคกลาง,วัตถุดิบ,5,828.98,3.8,ลูกค้าประจำ
1517,2026-07-22,ตราด,ภาคตะวันออก,ขนมและเบเกอรี่,4,497.59,3.5,ลูกค้าประจำ
1518,2026-05-16,ปทุมธานี,ภาคกลาง,อาหารสุขภาพ,3,555.7,4.0,ลูกค้าประจำ
1519,2026-01-08,ปราจีนบุรี,ภาคตะวันออก,อาหารพร้อมทาน,4,357.1,3.5,ลูกค้าประจำ
1520,2026-03-29,สุพรรณบุรี,ภาคกลาง,อาหารสุขภาพ,3,702.49,4.9,ลูกค้าประจำ
1521,2026-07-21,ปราจีนบุรี,ภาคตะวันออก,อาหารสุขภาพ,4,835.37,4.7,ลูกค้าประจำ
1522,2026-06-12,ตาก,ภาคตะวันตก,วัตถุดิบ,2,391.77,4.3,ลูกค้าประจำ
1523,2026-03-02,ประจวบคีรีขันธ์,ภาคตะวันตก,อาหารพร้อมทาน,2,203.77,4.4,ลูกค้าประจำ
1524,2026-04-15,พังงา,ภาคใต้,อาหารสุขภาพ,2,243.24,3.6,ลูกค้าใหม่
1525,2026-01-15,ศรีสะเกษ,ภาคตะวันออกเฉียงเหนือ,อาหารพร้อมทาน,5,544.17,4.4,ลูกค้าใหม่
1526,2026-03-08,อุดรธานี,ภาคตะวันออกเฉียงเหนือ,วัตถุดิบ,1,194.64,5.0,ลูกค้าประจำ
1527,2026-04-10,นนทบุรี,ภาคกลาง,เครื่องดื่ม,2,191.25,4.3,ลูกค้าใหม่
1528,2026-02-12,ระนอง,ภาคใต้,ขนมและเบเกอรี่,1,131.65,4.9,ลูกค้าใหม่
1529,2026-03-04,อุตรดิตถ์,ภาคเหนือ,อาหารพร้อมทาน,1,100.07,3.7,ลูกค้าประจำ
1530,2026-09-11,พังงา,ภาคใต้,เครื่องดื่ม,1,46.81,4.8,ลูกค้าใหม่
1531,2026-07-31,ราชบุรี,ภาคตะวันตก,อาหารพร้อมทาน,4,496.91,3.6,ลูกค้าใหม่
1532,2026-08-19,บึงกาฬ,ภาคตะวันออกเฉียงเหนือ,วัตถุดิบ,4,401.68,4.7,ลูกค้าใหม่
1533,2026-01-17,เพชรบูรณ์,ภาคกลาง,อาหารพร้อมทาน,2,220.48,3.7,ลูกค้าประจำ
1534,2026-01-03,แม่ฮ่องสอน,ภาคเหนือ,วัตถุดิบ,5,780.11,3.7,ลูกค้าประจำ
1535,2026-01-12,ตราด,ภาคตะวันออก,เครื่องดื่ม,5,287.13,4.3,ลูกค้าใหม่
1536,2026-01-16,บุรีรัมย์,ภาคตะวันออกเฉียงเหนือ,ขนมและเบเกอรี่,1,57.13,4.0,ลูกค้าใหม่
1537,2026-09-04,ชัยภูมิ,ภาคตะวันออกเฉียงเหนือ,เครื่องดื่ม,3,220.04,3.8,ลูกค้าใหม่
1538,2026-09-11,แม่ฮ่องสอน,ภาคเหนือ,อาหารสุขภาพ,3,395.27,4.2,ลูกค้าประจำ
1539,2026-05-24,นราธิวาส,ภาคใต้,ขนมและเบเกอรี่,2,134.43,4.9,ลูกค้าใหม่
1540,2026-04-16,อุตรดิตถ์,ภาคเหนือ,อาหารสุขภาพ,3,135.33,4.9,ลูกค้าประจำ
1541,2026-05-20,ศรีสะเกษ,ภาคตะวันออกเฉียงเหนือ,วัตถุดิบ,4,643.54,4.7,ลูกค้าใหม่
1542,2026-06-30,ระยอง,ภาคตะวันออก,วัตถุดิบ,2,467.55,4.1,ลูกค้าใหม่
1543,2026-05-10,สงขลา,ภาคใต้,เครื่องดื่ม,1,82.8,4.4,ลูกค้าประจำ
1544,2026-02-28,สุราษฎร์ธานี,ภาคใต้,ขนมและเบเกอรี่,4,336.58,3.8,ลูกค้าประจำ
1545,2026-02-07,เลย,ภาคตะวันออกเฉียงเหนือ,เครื่องดื่ม,3,165.64,3.8,ลูกค้าประจำ
1546,2026-01-05,ร้อยเอ็ด,ภาคตะวันออกเฉียงเหนือ,เครื่องดื่ม,3,217.85,4.0,ลูกค้าใหม่
1547,2026-06-14,มหาสารคาม,ภาคตะวันออกเฉียงเหนือ,เครื่องดื่ม,4,175.59,4.8,ลูกค้าใหม่
1548,2026-09-27,ระยอง,ภาคตะวันออก,ขนมและเบเกอรี่,5,510.84,3.8,ลูกค้าประจำ
1549,2026-08-11,ชัยนาท,ภาคกลาง,อาหารสุขภาพ,4,648.19,4.0,ลูกค้าประจำ
1550,2026-09-13,น่าน,ภาคเหนือ,เครื่องดื่ม,1,80.69,3.6,ลูกค้าประจำ
1551,2026-03-29,ลำพูน,ภาคเหนือ,อาหารพร้อมทาน,1,111.15,4.4,ลูกค้าประจำ
1552,2026-01-10,ปราจีนบุรี,ภาคตะวันออก,อาหารสุขภาพ,1,151.85,4.5,ลูกค้าใหม่
1553,2026-01-19,สมุทรปราการ,ภาคกลาง,ขนมและเบเกอรี่,2,140.88,4.8,ลูกค้าใหม่
1554,2026-02-18,มุกดาหาร,ภาคตะวันออกเฉียงเหนือ,อาหารพร้อมทาน,1,90.43,4.7,ลูกค้าประจำ
1555,2026-07-24,เพชรบูรณ์,ภาคกลาง,ขนมและเบเกอรี่,3,268.86,3.6,ลูกค้าประจำ
1556,2026-06-02,สระบุรี,ภาคกลาง,อาหารสุขภาพ,1,165.96,4.5,ลูกค้าประจำ
1557,2026-02-22,สระบุรี,ภาคกลาง,อาหารพร้อมทาน,3,398.0,3.5,ลูกค้าใหม่
1558,2026-08-12,กระบี่,ภาคใต้,เครื่องดื่ม,1,51.95,3.8,ลูกค้าใหม่
1559,2026-01-27,นราธิวาส,ภาคใต้,ขนมและเบเกอรี่,5,652.26,3.9,ลูกค้าใหม่
1560,2026-05-16,ตรัง,ภาคใต้,อาหารพร้อมทาน,3,335.6,4.0,ลูกค้าประจำ
1561,2026-08-24,พัทลุง,ภาคใต้,เครื่องดื่ม,2,116.38,3.7,ลูกค้าประจำ
1562,2026-08-17,นครปฐม,ภาคกลาง,อาหารสุขภาพ,4,442.38,4.5,ลูกค้าใหม่
1563,2026-06-14,อุดรธานี,ภาคตะวันออกเฉียงเหนือ,วัตถุดิบ,4,283.64,4.7,ลูกค้าประจำ
1564,2026-02-12,ปทุมธานี,ภาคกลาง,อาหารพร้อมทาน,3,439.56,4.0,ลูกค้าใหม่
1565,2026-01-31,บึงกาฬ,ภาคตะวันออกเฉียงเหนือ,อาหารพร้อมทาน,1,135.0,3.8,ลูกค้าใหม่
1566,2026-02-23,สมุทรปราการ,ภาคกลาง,วัตถุดิบ,2,317.95,4.0,ลูกค้าประจำ
1567,2026-02-24,แพร่,ภาคเหนือ,วัตถุดิบ,2,329.43,4.9,ลูกค้าใหม่
1568,2026-09-20,ยะลา,ภาคใต้,วัตถุดิบ,4,731.58,3.8,ลูกค้าประจำ
1569,2026-03-26,นราธิวาส,ภาคใต้,อาหารพร้อมทาน,3,208.4,4.5,ลูกค้าใหม่
1570,2026-02-26,นครปฐม,ภาคกลาง,วัตถุดิบ,1,132.76,3.9,ลูกค้าประจำ
1571,2026-09-29,นนทบุรี,ภาคกลาง,ขนมและเบเกอรี่,1,108.17,4.2,ลูกค้าประจำ
1572,2026-08-09,ตราด,ภาคตะวันออก,อาหารสุขภาพ,1,109.83,3.8,ลูกค้าประจำ
1573,2026-01-28,สิงห์บุรี,ภาคกลาง,วัตถุดิบ,5,966.05,4.2,ลูกค้าประจำ
1574,2026-08-05,เชียงราย,ภาคเหนือ,อาหารพร้อมทาน,4,269.63,3.8,ลูกค้าใหม่
1575,2026-09-29,ลพบุรี,ภาคกลาง,เครื่องดื่ม,5,362.9,4.4,ลูกค้าประจำ
1576,2026-04-23,เชียงใหม่,ภาคเหนือ,อาหารพร้อมทาน,2,237.86,3.7,ลูกค้าใหม่
1577,2026-09-30,อุดรธานี,ภาคตะวันออกเฉียงเหนือ,ขนมและเบเกอรี่,2,113.28,3.7,ลูกค้าใหม่
1578,2026-04-23,ลพบุรี,ภาคกลาง,วัตถุดิบ,4,929.65,4.6,ลูกค้าประจำ
1579,2026-06-27,สระบุรี,ภาคกลาง,เครื่องดื่ม,2,106.13,4.5,ลูกค้าประจำ
1580,2026-09-02,กรุงเทพมหานคร,ภาคกลาง,อาหารพร้อมทาน,2,172.25,4.6,ลูกค้าใหม่
1581,2026-04-06,นครศรีธรรมราช,ภาคใต้,ขนมและเบเกอรี่,1,99.76,4.0,ลูกค้าประจำ
1582,2026-06-21,นครปฐม,ภาคกลาง,อาหารพร้อมทาน,4,586.94,3.5,ลูกค้าประจำ
1583,2026-06-30,ชัยนาท,ภาคกลาง,เครื่องดื่ม,1,43.64,5.0,ลูกค้าใหม่
1584,2026-01-24,สระแก้ว,ภาคตะวันออก,เครื่องดื่ม,4,264.01,4.7,ลูกค้าประจำ
1585,2026-03-17,ประจวบคีรีขันธ์,ภาคตะวันตก,อาหารสุขภาพ,5,885.76,4.7,ลูกค้าใหม่
1586,2026-06-29,เพชรบูรณ์,ภาคกลาง,ขนมและเบเกอรี่,4,423.55,5.0,ลูกค้าประจำ
1587,2026-01-07,สระแก้ว,ภาคตะวันออก,ขนมและเบเกอรี่,3,282.69,4.7,ลูกค้าประจำ
1588,2026-02-27,มหาสารคาม,ภาคตะวันออกเฉียงเหนือ,อาหารสุขภาพ,5,690.26,3.9,ลูกค้าใหม่
1589,2026-03-14,นครปฐม,ภาคกลาง,วัตถุดิบ,2,242.69,4.0,ลูกค้าใหม่
1590,2026-04-16,ปัตตานี,ภาคใต้,อาหารสุขภาพ,4,653.78,4.6,ลูกค้าใหม่
1591,2026-08-19,ระนอง,ภาคใต้,อาหารพร้อมทาน,3,223.98,5.0,ลูกค้าใหม่
1592,2026-08-02,พังงา,ภาคใต้,ขนมและเบเกอรี่,3,73.01,4.9,ลูกค้าประจำ
1593,2026-09-24,แพร่,ภาคเหนือ,เครื่องดื่ม,1,64.88,4.6,ลูกค้าใหม่
1594,2026-05-28,ศรีสะเกษ,ภาคตะวันออกเฉียงเหนือ,วัตถุดิบ,5,1103.39,3.7,ลูกค้าใหม่
1595,2026-03-18,สระบุรี,ภาคกลาง,เครื่องดื่ม,4,90.45,4.3,ลูกค้าประจำ
1596,2026-05-28,อ่างทอง,ภาคกลาง,เครื่องดื่ม,3,138.49,3.6,ลูกค้าประจำ
1597,2026-05-25,กระบี่,ภาคใต้,วัตถุดิบ,1,207.86,4.7,ลูกค้าใหม่
1598,2026-08-09,จันทบุรี,ภาคตะวันออก,วัตถุดิบ,3,817.76,4.0,ลูกค้าใหม่
1599,2026-05-26,จันทบุรี,ภาคตะวันออก,ขนมและเบเกอรี่,2,190.99,4.7,ลูกค้าใหม่
1600,2026-04-11,ชุมพร,ภาคใต้,ขนมและเบเกอรี่,2,132.11,4.1,ลูกค้าใหม่
1601,2026-07-01,เพชรบุรี,ภาคตะวันตก,เครื่องดื่ม,1,58.93,3.9,ลูกค้าประจำ
1602,2026-06-04,เลย,ภาคตะวันออกเฉียงเหนือ,วัตถุดิบ,1,241.87,4.4,ลูกค้าใหม่
1603,2026-03-13,อำนาจเจริญ,ภาคตะวันออกเฉียงเหนือ,วัตถุดิบ,3,407.52,4.5,ลูกค้าใหม่
1604,2026-04-13,พระนครศรีอยุธยา,ภาคกลาง,เครื่องดื่ม,4,187.25,4.0,ลูกค้าใหม่
1605,2026-04-04,เพชรบูรณ์,ภาคกลาง,อาหารสุขภาพ,4,506.48,4.1,ลูกค้าประจำ
1606,2026-06-10,เชียงราย,ภาคเหนือ,เครื่องดื่ม,5,235.16,4.3,ลูกค้าประจำ
1607,2026-08-04,สมุทรปราการ,ภาคกลาง,ขนมและเบเกอรี่,4,372.07,4.9,ลูกค้าประจำ
1608,2026-02-15,กาฬสินธุ์,ภาคตะวันออกเฉียงเหนือ,อาหารสุขภาพ,1,213.74,4.6,ลูกค้าประจำ
1609,2026-03-07,ปัตตานี,ภาคใต้,อาหารสุขภาพ,5,864.62,4.4,ลูกค้าประจำ
1610,2026-01-04,จันทบุรี,ภาคตะวันออก,วัตถุดิบ,2,320.42,4.2,ลูกค้าประจำ
1611,2026-02-24,จันทบุรี,ภาคตะวันออก,อาหารพร้อมทาน,1,111.25,4.0,ลูกค้าใหม่
1612,2026-06-19,เพชรบุรี,ภาคตะวันตก,อาหารสุขภาพ,4,331.41,4.8,ลูกค้าใหม่
1613,2026-04-15,อุตรดิตถ์,ภาคเหนือ,อาหารสุขภาพ,1,166.03,4.3,ลูกค้าประจำ
1614,2026-06-09,นครนายก,ภาคกลาง,เครื่องดื่ม,2,127.47,4.6,ลูกค้าใหม่
1615,2026-02-04,สระแก้ว,ภาคตะวันออก,อาหารสุขภาพ,2,305.56,3.5,ลูกค้าใหม่
1616,2026-02-23,สุพรรณบุรี,ภาคกลาง,อาหารพร้อมทาน,2,431.59,4.2,ลูกค้าประจำ
1617,2026-07-27,ราชบุรี,ภาคตะวันตก,อาหารพร้อมทาน,1,128.96,4.2,ลูกค้าใหม่
1618,2026-08-13,ปราจีนบุรี,ภาคตะวันออก,อาหารสุขภาพ,3,350.81,4.8,ลูกค้าใหม่
1619,2026-03-14,ศรีสะเกษ,ภาคตะวันออกเฉียงเหนือ,เครื่องดื่ม,1,58.07,4.7,ลูกค้าใหม่
1620,2026-09-01,นครศรีธรรมราช,ภาคใต้,อาหารสุขภาพ,5,1029.69,4.2,ลูกค้าประจำ
1621,2026-05-21,เชียงราย,ภาคเหนือ,อาหารสุขภาพ,4,658.12,4.1,ลูกค้าใหม่
1622,2026-01-15,สมุทรปราการ,ภาคกลาง,วัตถุดิบ,4,461.11,3.9,ลูกค้าใหม่
1623,2026-06-05,อำนาจเจริญ,ภาคตะวันออกเฉียงเหนือ,วัตถุดิบ,1,199.23,3.6,ลูกค้าประจำ
1624,2026-08-23,ขอนแก่น,ภาคตะวันออกเฉียงเหนือ,ขนมและเบเกอรี่,2,150.35,3.9,ลูกค้าใหม่
1625,2026-06-28,ยโสธร,ภาคตะวันออกเฉียงเหนือ,อาหารสุขภาพ,5,1174.66,4.9,ลูกค้าประจำ
1626,2026-03-19,สุโขทัย,ภาคกลาง,อาหารพร้อมทาน,2,259.08,4.0,ลูกค้าประจำ
1627,2026-06-05,สตูล,ภาคใต้,เครื่องดื่ม,3,147.21,4.9,ลูกค้าใหม่
1628,2026-04-03,สมุทรสาคร,ภาคกลาง,วัตถุดิบ,4,855.52,4.4,ลูกค้าประจำ
1629,2026-06-28,ตาก,ภาคตะวันตก,ขนมและเบเกอรี่,5,434.75,4.4,ลูกค้าประจำ
1630,2026-03-23,ชลบุรี,ภาคตะวันออก,อาหารพร้อมทาน,1,123.75,3.8,ลูกค้าใหม่
1631,2026-05-02,สระบุรี,ภาคกลาง,วัตถุดิบ,3,605.44,3.7,ลูกค้าใหม่
1632,2026-05-09,ระยอง,ภาคตะวันออก,วัตถุดิบ,1,141.91,3.7,ลูกค้าใหม่
1633,2026-01-16,สกลนคร,ภาคตะวันออกเฉียงเหนือ,ขนมและเบเกอรี่,5,338.79,4.9,ลูกค้าประจำ
1634,2026-04-13,เชียงใหม่,ภาคเหนือ,วัตถุดิบ,4,905.39,3.8,ลูกค้าประจำ
1635,2026-03-24,สกลนคร,ภาคตะวันออกเฉียงเหนือ,ขนมและเบเกอรี่,2,174.1,4.2,ลูกค้าใหม่
1636,2026-02-19,ชุมพร,ภาคใต้,อาหารสุขภาพ,1,122.28,3.8,ลูกค้าใหม่
1637,2026-02-06,กรุงเทพมหานคร,ภาคกลาง,ขนมและเบเกอรี่,4,260.34,4.0,ลูกค้าประจำ
1638,2026-09-14,นราธิวาส,ภาคใต้,เครื่องดื่ม,5,341.45,4.0,ลูกค้าใหม่
1639,2026-07-12,ชลบุรี,ภาคตะวันออก,วัตถุดิบ,4,927.57,4.8,ลูกค้าใหม่
1640,2026-03-02,ตาก,ภาคตะวันตก,อาหารสุขภาพ,3,351.9,4.2,ลูกค้าใหม่
1641,2026-04-25,อุบลราชธานี,ภาคตะวันออกเฉียงเหนือ,อาหารสุขภาพ,3,482.91,4.7,ลูกค้าประจำ
1642,2026-03-22,พระนครศรีอยุธยา,ภาคกลาง,วัตถุดิบ,3,730.65,5.0,ลูกค้าใหม่
1643,2026-09-14,สุรินทร์,ภาคตะวันออกเฉียงเหนือ,อาหารสุขภาพ,2,282.27,4.0,ลูกค้าใหม่
1644,2026-05-15,หนองคาย,ภาคตะวันออกเฉียงเหนือ,อาหารพร้อมทาน,5,634.46,4.5,ลูกค้าใหม่
1645,2026-06-21,มุกดาหาร,ภาคตะวันออกเฉียงเหนือ,วัตถุดิบ,3,396.58,4.8,ลูกค้าใหม่
1646,2026-06-18,นครนายก,ภาคกลาง,เครื่องดื่ม,5,305.83,4.9,ลูกค้าใหม่
1647,2026-01-19,ปราจีนบุรี,ภาคตะวันออก,วัตถุดิบ,1,154.42,4.0,ลูกค้าใหม่
1648,2026-09-03,ลำพูน,ภาคเหนือ,อาหารสุขภาพ,5,997.15,4.9,ลูกค้าประจำ
1649,2026-09-17,ขอนแก่น,ภาคตะวันออกเฉียงเหนือ,อาหารพร้อมทาน,1,147.84,3.8,ลูกค้าประจำ
1650,2026-01-11,ศรีสะเกษ,ภาคตะวันออกเฉียงเหนือ,วัตถุดิบ,3,889.59,4.9,ลูกค้าใหม่
1651,2026-01-10,น่าน,ภาคเหนือ,อาหารสุขภาพ,5,870.13,4.3,ลูกค้าใหม่
1652,2026-08-07,ระยอง,ภาคตะวันออก,วัตถุดิบ,2,369.86,4.3,ลูกค้าใหม่
1653,2026-06-30,สกลนคร,ภาคตะวันออกเฉียงเหนือ,อาหารพร้อมทาน,5,629.16,3.8,ลูกค้าประจำ
1654,2026-01-06,ฉะเชิงเทรา,ภาคตะวันออก,เครื่องดื่ม,2,118.52,3.8,ลูกค้าใหม่
1655,2026-01-30,กระบี่,ภาคใต้,เครื่องดื่ม,1,70.5,3.7,ลูกค้าใหม่
1656,2026-05-06,พิษณุโลก,ภาคกลาง,อาหารพร้อมทาน,3,333.41,5.0,ลูกค้าใหม่
1657,2026-02-09,ราชบุรี,ภาคตะวันตก,วัตถุดิบ,1,159.44,3.6,ลูกค้าใหม่
1658,2026-06-04,สระบุรี,ภาคกลาง,ขนมและเบเกอรี่,2,239.96,4.9,ลูกค้าประจำ
1659,2026-09-15,ปัตตานี,ภาคใต้,อาหารสุขภาพ,3,359.21,3.7,ลูกค้าประจำ
1660,2026-02-10,ลำปาง,ภาคเหนือ,อาหารสุขภาพ,4,822.38,3.8,ลูกค้าใหม่
1661,2026-04-18,สุพรรณบุรี,ภาคกลาง,เครื่องดื่ม,3,220.33,3.7,ลูกค้าใหม่
1662,2026-08-21,กำแพงเพชร,ภาคกลาง,เครื่องดื่ม,4,214.48,4.9,ลูกค้าใหม่
1663,2026-07-16,สระบุรี,ภาคกลาง,อาหารพร้อมทาน,3,169.03,4.0,ลูกค้าใหม่
1664,2026-09-11,ฉะเชิงเทรา,ภาคตะวันออก,ขนมและเบเกอรี่,5,382.68,3.5,ลูกค้าประจำ
1665,2026-04-16,ระยอง,ภาคตะวันออก,วัตถุดิบ,1,238.36,4.1,ลูกค้าประจำ
1666,2026-06-28,สุรินทร์,ภาคตะวันออกเฉียงเหนือ,อาหารพร้อมทาน,3,357.94,4.9,ลูกค้าประจำ
1667,2026-06-24,พังงา,ภาคใต้,อาหารสุขภาพ,2,240.06,4.6,ลูกค้าประจำ
1668,2026-07-18,เลย,ภาคตะวันออกเฉียงเหนือ,อาหารพร้อมทาน,1,94.37,4.9,ลูกค้าประจำ
1669,2026-09-23,สุรินทร์,ภาคตะวันออกเฉียงเหนือ,วัตถุดิบ,4,784.18,3.9,ลูกค้าประจำ
1670,2026-05-24,สมุทรปราการ,ภาคกลาง,เครื่องดื่ม,2,147.77,4.7,ลูกค้าประจำ
1671,2026-06-22,ชัยภูมิ,ภาคตะวันออกเฉียงเหนือ,เครื่องดื่ม,5,305.59,4.4,ลูกค้าใหม่
1672,2026-05-09,พิจิตร,ภาคกลาง,ขนมและเบเกอรี่,3,220.03,4.7,ลูกค้าใหม่
1673,2026-06-14,ตราด,ภาคตะวันออก,ขนมและเบเกอรี่,5,364.21,4.8,ลูกค้าใหม่
1674,2026-01-05,สกลนคร,ภาคตะวันออกเฉียงเหนือ,วัตถุดิบ,1,131.57,4.2,ลูกค้าประจำ
1675,2026-01-30,สมุทรสาคร,ภาคกลาง,อาหารสุขภาพ,2,426.77,4.4,ลูกค้าใหม่
1676,2026-02-02,พิจิตร,ภาคกลาง,อาหารสุขภาพ,5,735.54,4.2,ลูกค้าประจำ
1677,2026-04-27,พิจิตร,ภาคกลาง,ขนมและเบเกอรี่,4,495.63,4.4,ลูกค้าใหม่
1678,2026-01-20,จันทบุรี,ภาคตะวันออก,เครื่องดื่ม,1,76.26,3.8,ลูกค้าประจำ
1679,2026-04-27,อุตรดิตถ์,ภาคเหนือ,ขนมและเบเกอรี่,1,106.84,3.6,ลูกค้าประจำ
1680,2026-01-23,พระนครศรีอยุธยา,ภาคกลาง,อาหารพร้อมทาน,3,289.04,4.4,ลูกค้าประจำ
1681,2026-02-27,เชียงใหม่,ภาคเหนือ,อาหารพร้อมทาน,5,627.53,4.3,ลูกค้าใหม่
1682,2026-08-01,บึงกาฬ,ภาคตะวันออกเฉียงเหนือ,ขนมและเบเกอรี่,5,472.13,3.6,ลูกค้าประจำ
1683,2026-07-04,พิษณุโลก,ภาคกลาง,เครื่องดื่ม,1,50.31,4.0,ลูกค้าประจำ
1684,2026-01-16,ร้อยเอ็ด,ภาคตะวันออกเฉียงเหนือ,วัตถุดิบ,3,525.41,3.7,ลูกค้าใหม่
1685,2026-02-24,เพชรบุรี,ภาคตะวันตก,เครื่องดื่ม,5,229.2,4.4,ลูกค้าประจำ
1686,2026-06-26,สุโขทัย,ภาคกลาง,อาหารสุขภาพ,5,881.91,4.9,ลูกค้าประจำ
1687,2026-02-10,อุตรดิตถ์,ภาคเหนือ,อาหารพร้อมทาน,2,201.52,4.9,ลูกค้าใหม่
1688,2026-08-03,อำนาจเจริญ,ภาคตะวันออกเฉียงเหนือ,อาหารสุขภาพ,5,714.2,4.3,ลูกค้าใหม่
1689,2026-09-26,สุราษฎร์ธานี,ภาคใต้,อาหารพร้อมทาน,5,610.37,4.3,ลูกค้าประจำ
1690,2026-05-05,พัทลุง,ภาคใต้,เครื่องดื่ม,5,303.96,4.0,ลูกค้าประจำ
1691,2026-03-01,ประจวบคีรีขันธ์,ภาคตะวันตก,วัตถุดิบ,3,526.32,4.5,ลูกค้าประจำ
1692,2026-09-16,ลำปาง,ภาคเหนือ,ขนมและเบเกอรี่,1,83.72,3.6,ลูกค้าประจำ
1693,2026-08-03,สมุทรสาคร,ภาคกลาง,อาหารสุขภาพ,2,370.22,3.8,ลูกค้าใหม่
1694,2026-03-12,สุรินทร์,ภาคตะวันออกเฉียงเหนือ,เครื่องดื่ม,4,146.63,4.4,ลูกค้าประจำ
1695,2026-07-29,มุกดาหาร,ภาคตะวันออกเฉียงเหนือ,ขนมและเบเกอรี่,1,98.0,4.1,ลูกค้าใหม่
1696,2026-08-21,อุดรธานี,ภาคตะวันออกเฉียงเหนือ,วัตถุดิบ,2,534.5,3.5,ลูกค้าใหม่
1697,2026-08-29,ลำพูน,ภาคเหนือ,ขนมและเบเกอรี่,5,302.78,4.6,ลูกค้าใหม่
1698,2026-03-27,กำแพงเพชร,ภาคกลาง,วัตถุดิบ,1,127.08,5.0,ลูกค้าใหม่
1699,2026-07-01,สุโขทัย,ภาคกลาง,อาหารสุขภาพ,4,686.11,3.7,ลูกค้าใหม่
1700,2026-02-25,เพชรบุรี,ภาคตะวันตก,อาหารพร้อมทาน,3,376.16,5.0,ลูกค้าใหม่
1701,2026-08-19,ชัยนาท,ภาคกลาง,ขนมและเบเกอรี่,4,392.64,4.6,ลูกค้าประจำ
1702,2026-04-04,เพชรบุรี,ภาคตะวันตก,วัตถุดิบ,2,343.42,4.6,ลูกค้าใหม่
1703,2026-07-09,นครพนม,ภาคตะวันออกเฉียงเหนือ,อาหารพร้อมทาน,5,625.69,4.5,ลูกค้าประจำ
1704,2026-09-18,ระนอง,ภาคใต้,ขนมและเบเกอรี่,4,485.42,4.6,ลูกค้าประจำ
1705,2026-06-24,เชียงราย,ภาคเหนือ,เครื่องดื่ม,3,204.23,3.6,ลูกค้าประจำ
1706,2026-04-02,พิษณุโลก,ภาคกลาง,ขนมและเบเกอรี่,4,357.08,4.9,ลูกค้าใหม่
1707,2026-06-10,บึงกาฬ,ภาคตะวันออกเฉียงเหนือ,วัตถุดิบ,5,1051.33,3.6,ลูกค้าประจำ
1708,2026-09-07,นครศรีธรรมราช,ภาคใต้,อาหารพร้อมทาน,3,530.99,4.2,ลูกค้าใหม่
1709,2026-04-29,พิษณุโลก,ภาคกลาง,ขนมและเบเกอรี่,5,459.25,4.5,ลูกค้าใหม่
1710,2026-03-28,เชียงราย,ภาคเหนือ,เครื่องดื่ม,5,221.24,3.5,ลูกค้าใหม่
1711,2026-09-08,หนองคาย,ภาคตะวันออกเฉียงเหนือ,อาหารสุขภาพ,2,408.57,4.7,ลูกค้าใหม่
1712,2026-08-07,ร้อยเอ็ด,ภาคตะวันออกเฉียงเหนือ,เครื่องดื่ม,3,170.22,4.6,ลูกค้าใหม่
1713,2026-03-03,สตูล,ภาคใต้,ขนมและเบเกอรี่,1,36.89,4.2,ลูกค้าประจำ
1714,2026-05-23,สระบุรี,ภาคกลาง,ขนมและเบเกอรี่,1,115.13,4.6,ลูกค้าใหม่
1715,2026-02-08,ยโสธร,ภาคตะวันออกเฉียงเหนือ,อาหารพร้อมทาน,2,176.7,4.0,ลูกค้าประจำ
1716,2026-02-07,พิจิตร,ภาคกลาง,วัตถุดิบ,5,747.69,4.6,ลูกค้าประจำ
1717,2026-09-24,กำแพงเพชร,ภาคกลาง,วัตถุดิบ,1,165.7,4.0,ลูกค้าใหม่
1718,2026-07-12,กระบี่,ภาคใต้,เครื่องดื่ม,2,122.57,4.8,ลูกค้าใหม่
1719,2026-09-06,น่าน,ภาคเหนือ,ขนมและเบเกอรี่,4,447.4,4.7,ลูกค้าประจำ
1720,2026-02-15,พิษณุโลก,ภาคกลาง,เครื่องดื่ม,2,98.47,4.9,ลูกค้าใหม่
1721,2026-04-17,กรุงเทพมหานคร,ภาคกลาง,วัตถุดิบ,1,192.94,4.6,ลูกค้าใหม่
1722,2026-05-01,ลำพูน,ภาคเหนือ,ขนมและเบเกอรี่,5,421.97,4.5,ลูกค้าประจำ
1723,2026-05-30,สุราษฎร์ธานี,ภาคใต้,เครื่องดื่ม,3,231.02,4.5,ลูกค้าประจำ
1724,2026-09-04,ราชบุรี,ภาคตะวันตก,อาหารสุขภาพ,3,498.46,3.9,ลูกค้าใหม่
1725,2026-06-16,ตรัง,ภาคใต้,ขนมและเบเกอรี่,4,276.58,3.9,ลูกค้าประจำ
1726,2026-02-28,ตรัง,ภาคใต้,เครื่องดื่ม,4,330.59,4.0,ลูกค้าประจำ
1727,2026-07-30,ตาก,ภาคตะวันตก,วัตถุดิบ,4,561.17,4.5,ลูกค้าใหม่
1728,2026-07-29,เพชรบุรี,ภาคตะวันตก,ขนมและเบเกอรี่,5,570.96,3.6,ลูกค้าประจำ
1729,2026-08-15,พังงา,ภาคใต้,ขนมและเบเกอรี่,4,394.15,4.1,ลูกค้าประจำ
1730,2026-04-23,จันทบุรี,ภาคตะวันออก,ขนมและเบเกอรี่,4,471.43,4.0,ลูกค้าใหม่
1731,2026-03-27,แพร่,ภาคเหนือ,วัตถุดิบ,4,679.78,4.3,ลูกค้าใหม่
1732,2026-01-11,มหาสารคาม,ภาคตะวันออกเฉียงเหนือ,เครื่องดื่ม,5,266.96,4.9,ลูกค้าใหม่
1733,2026-02-02,ระนอง,ภาคใต้,อาหารพร้อมทาน,3,358.25,4.5,ลูกค้าใหม่
1734,2026-07-22,ยะลา,ภาคใต้,อาหารสุขภาพ,2,295.75,4.8,ลูกค้าใหม่
1735,2026-07-31,เพชรบุรี,ภาคตะวันตก,เครื่องดื่ม,3,234.0,3.8,ลูกค้าใหม่
1736,2026-02-22,กระบี่,ภาคใต้,อาหารพร้อมทาน,1,64.36,4.3,ลูกค้าประจำ
1737,2026-01-13,ขอนแก่น,ภาคตะวันออกเฉียงเหนือ,เครื่องดื่ม,3,143.63,3.8,ลูกค้าใหม่
1738,2026-07-25,กำแพงเพชร,ภาคกลาง,ขนมและเบเกอรี่,1,66.16,3.7,ลูกค้าประจำ
1739,2026-08-01,ชัยภูมิ,ภาคตะวันออกเฉียงเหนือ,อาหารพร้อมทาน,1,133.66,3.5,ลูกค้าใหม่
1740,2026-06-09,เชียงราย,ภาคเหนือ,อาหารสุขภาพ,4,913.7,4.7,ลูกค้าประจำ
1741,2026-08-23,สุโขทัย,ภาคกลาง,อาหารพร้อมทาน,3,350.6,3.8,ลูกค้าประจำ
1742,2026-08-08,อุดรธานี,ภาคตะวันออกเฉียงเหนือ,วัตถุดิบ,4,689.61,3.6,ลูกค้าประจำ
1743,2026-09-17,อ่างทอง,ภาคกลาง,ขนมและเบเกอรี่,4,386.65,3.9,ลูกค้าใหม่
1744,2026-02-25,สระบุรี,ภาคกลาง,วัตถุดิบ,3,627.17,4.2,ลูกค้าใหม่
1745,2026-09-02,ราชบุรี,ภาคตะวันตก,เครื่องดื่ม,4,199.72,4.3,ลูกค้าประจำ
1746,2026-03-28,มหาสารคาม,ภาคตะวันออกเฉียงเหนือ,เครื่องดื่ม,1,68.87,3.8,ลูกค้าประจำ
1747,2026-07-26,อุทัยธานี,ภาคกลาง,เครื่องดื่ม,1,80.85,4.4,ลูกค้าประจำ
1748,2026-09-10,สุพรรณบุรี,ภาคกลาง,อาหารสุขภาพ,2,360.09,3.9,ลูกค้าประจำ
1749,2026-07-28,มุกดาหาร,ภาคตะวันออกเฉียงเหนือ,เครื่องดื่ม,1,68.08,4.8,ลูกค้าประจำ
1750,2026-09-13,บึงกาฬ,ภาคตะวันออกเฉียงเหนือ,อาหารสุขภาพ,4,720.15,4.0,ลูกค้าใหม่
1751,2026-02-11,ภูเก็ต,ภาคใต้,วัตถุดิบ,4,210.08,4.9,ลูกค้าประจำ
1752,2026-03-24,ชัยนาท,ภาคกลาง,วัตถุดิบ,2,421.01,4.3,ลูกค้าใหม่
1753,2026-01-20,นครศรีธรรมราช,ภาคใต้,เครื่องดื่ม,4,217.49,4.8,ลูกค้าประจำ
1754,2026-08-03,นครศรีธรรมราช,ภาคใต้,อาหารสุขภาพ,4,347.1,4.1,ลูกค้าประจำ
1755,2026-05-19,ตราด,ภาคตะวันออก,วัตถุดิบ,3,517.66,4.3,ลูกค้าประจำ
1756,2026-09-25,อำนาจเจริญ,ภาคตะวันออกเฉียงเหนือ,เครื่องดื่ม,2,174.64,4.5,ลูกค้าประจำ
1757,2026-08-25,สุพรรณบุรี,ภาคกลาง,อาหารสุขภาพ,3,440.33,3.8,ลูกค้าประจำ
1758,2026-08-31,นครนายก,ภาคกลาง,เครื่องดื่ม,5,342.06,3.5,ลูกค้าประจำ
1759,2026-01-03,นครสวรรค์,ภาคกลาง,เครื่องดื่ม,4,364.8,4.0,ลูกค้าใหม่
1760,2026-06-19,น่าน,ภาคเหนือ,อาหารพร้อมทาน,5,757.38,3.6,ลูกค้าประจำ
1761,2026-04-26,อุบลราชธานี,ภาคตะวันออกเฉียงเหนือ,เครื่องดื่ม,1,91.65,4.0,ลูกค้าใหม่
1762,2026-06-06,นราธิวาส,ภาคใต้,ขนมและเบเกอรี่,3,320.98,4.1,ลูกค้าประจำ
1763,2026-04-14,พระนครศรีอยุธยา,ภาคกลาง,อาหารสุขภาพ,5,692.82,3.6,ลูกค้าใหม่
1764,2026-05-15,เชียงใหม่,ภาคเหนือ,เครื่องดื่ม,3,116.9,4.3,ลูกค้าใหม่
1765,2026-05-22,สุพรรณบุรี,ภาคกลาง,อาหารสุขภาพ,4,600.63,4.9,ลูกค้าประจำ
1766,2026-04-21,บึงกาฬ,ภาคตะวันออกเฉียงเหนือ,เครื่องดื่ม,1,51.3,3.6,ลูกค้าใหม่
1767,2026-06-15,นครปฐม,ภาคกลาง,เครื่องดื่ม,4,401.11,3.6,ลูกค้าใหม่
1768,2026-08-30,นครนายก,ภาคกลาง,อาหารสุขภาพ,4,581.27,4.0,ลูกค้าใหม่
1769,2026-07-17,ปราจีนบุรี,ภาคตะวันออก,อาหารสุขภาพ,4,626.73,4.6,ลูกค้าประจำ
1770,2026-02-10,แพร่,ภาคเหนือ,อาหารสุขภาพ,3,491.56,4.8,ลูกค้าใหม่
1771,2026-08-15,นครศรีธรรมราช,ภาคใต้,ขนมและเบเกอรี่,2,182.47,4.2,ลูกค้าประจำ
1772,2026-06-28,ตราด,ภาคตะวันออก,อาหารสุขภาพ,4,774.53,3.8,ลูกค้าประจำ
1773,2026-04-08,สมุทรปราการ,ภาคกลาง,ขนมและเบเกอรี่,4,320.85,4.1,ลูกค้าใหม่
1774,2026-09-27,กระบี่,ภาคใต้,เครื่องดื่ม,4,272.65,3.8,ลูกค้าประจำ
1775,2026-09-15,มหาสารคาม,ภาคตะวันออกเฉียงเหนือ,อาหารพร้อมทาน,3,293.18,4.9,ลูกค้าประจำ
1776,2026-01-23,กำแพงเพชร,ภาคกลาง,ขนมและเบเกอรี่,4,241.87,5.0,ลูกค้าประจำ
1777,2026-08-30,พิจิตร,ภาคกลาง,อาหารพร้อมทาน,5,508.23,5.0,ลูกค้าประจำ
1778,2026-02-23,สระแก้ว,ภาคตะวันออก,เครื่องดื่ม,4,218.95,3.6,ลูกค้าใหม่
1779,2026-08-03,นครพนม,ภาคตะวันออกเฉียงเหนือ,เครื่องดื่ม,2,116.05,4.8,ลูกค้าใหม่
1780,2026-02-19,ฉะเชิงเทรา,ภาคตะวันออก,วัตถุดิบ,1,148.84,4.8,ลูกค้าประจำ
1781,2026-06-12,นราธิวาส,ภาคใต้,อาหารสุขภาพ,1,103.75,4.8,ลูกค้าใหม่
1782,2026-07-26,อุทัยธานี,ภาคกลาง,ขนมและเบเกอรี่,5,465.13,4.1,ลูกค้าใหม่
1783,2026-05-17,ชลบุรี,ภาคตะวันออก,เครื่องดื่ม,5,202.74,3.6,ลูกค้าประจำ
1784,2026-09-16,ขอนแก่น,ภาคตะวันออกเฉียงเหนือ,ขนมและเบเกอรี่,5,565.26,4.1,ลูกค้าใหม่
1785,2026-03-02,แพร่,ภาคเหนือ,ขนมและเบเกอรี่,5,484.79,4.0,ลูกค้าใหม่
1786,2026-02-16,อำนาจเจริญ,ภาคตะวันออกเฉียงเหนือ,วัตถุดิบ,1,114.41,3.8,ลูกค้าใหม่
1787,2026-01-11,นนทบุรี,ภาคกลาง,ขนมและเบเกอรี่,5,372.54,4.7,ลูกค้าใหม่
1788,2026-05-07,บุรีรัมย์,ภาคตะวันออกเฉียงเหนือ,ขนมและเบเกอรี่,4,308.55,4.0,ลูกค้าใหม่
1789,2026-05-27,ตาก,ภาคตะวันตก,ขนมและเบเกอรี่,1,97.45,3.8,ลูกค้าใหม่
1790,2026-04-07,อำนาจเจริญ,ภาคตะวันออกเฉียงเหนือ,ขนมและเบเกอรี่,4,507.34,3.9,ลูกค้าใหม่
1791,2026-08-14,นครสวรรค์,ภาคกลาง,ขนมและเบเกอรี่,3,128.68,3.9,ลูกค้าประจำ
1792,2026-09-25,ยโสธร,ภาคตะวันออกเฉียงเหนือ,อาหารสุขภาพ,3,493.8,4.2,ลูกค้าใหม่
1793,2026-04-18,กำแพงเพชร,ภาคกลาง,อาหารสุขภาพ,4,614.38,5.0,ลูกค้าประจำ
1794,2026-09-15,แม่ฮ่องสอน,ภาคเหนือ,ขนมและเบเกอรี่,2,221.89,4.3,ลูกค้าประจำ
1795,2026-04-22,ชุมพร,ภาคใต้,อาหารสุขภาพ,2,337.06,4.2,ลูกค้าใหม่
1796,2026-03-13,ตรัง,ภาคใต้,อาหารสุขภาพ,2,246.85,4.2,ลูกค้าประจำ
1797,2026-01-18,ร้อยเอ็ด,ภาคตะวันออกเฉียงเหนือ,อาหารสุขภาพ,4,500.61,4.0,ลูกค้าใหม่
1798,2026-09-01,ยโสธร,ภาคตะวันออกเฉียงเหนือ,อาหารพร้อมทาน,2,182.63,4.0,ลูกค้าใหม่
1799,2026-08-28,นนทบุรี,ภาคกลาง,ขนมและเบเกอรี่,3,361.67,4.3,ลูกค้าใหม่
1800,2026-08-11,สกลนคร,ภาคตะวันออกเฉียงเหนือ,อาหารสุขภาพ,4,579.07,4.6,ลูกค้าประจำ
1801,2026-06-22,ปัตตานี,ภาคใต้,ขนมและเบเกอรี่,3,378.41,4.2,ลูกค้าประจำ
1802,2026-02-25,เพชรบูรณ์,ภาคกลาง,อาหารพร้อมทาน,2,212.72,4.1,ลูกค้าประจำ
1803,2026-03-25,อุดรธานี,ภาคตะวันออกเฉียงเหนือ,วัตถุดิบ,5,740.61,4.3,ลูกค้าประจำ
1804,2026-03-13,อุบลราชธานี,ภาคตะวันออกเฉียงเหนือ,อาหารสุขภาพ,2,179.01,3.7,ลูกค้าประจำ
1805,2026-06-27,จันทบุรี,ภาคตะวันออก,อาหารพร้อมทาน,3,197.72,4.2,ลูกค้าใหม่
1806,2026-03-30,สตูล,ภาคใต้,อาหารพร้อมทาน,2,144.95,4.0,ลูกค้าใหม่
1807,2026-02-16,นนทบุรี,ภาคกลาง,เครื่องดื่ม,2,131.75,4.6,ลูกค้าใหม่
1808,2026-03-23,อ่างทอง,ภาคกลาง,ขนมและเบเกอรี่,1,101.73,4.0,ลูกค้าประจำ
1809,2026-07-12,หนองบัวลำภู,ภาคตะวันออกเฉียงเหนือ,วัตถุดิบ,2,206.81,4.7,ลูกค้าใหม่
1810,2026-03-10,เชียงราย,ภาคเหนือ,วัตถุดิบ,2,440.55,4.1,ลูกค้าประจำ
1811,2026-02-06,พิษณุโลก,ภาคกลาง,วัตถุดิบ,5,751.75,4.0,ลูกค้าใหม่
1812,2026-07-08,ปทุมธานี,ภาคกลาง,อาหารสุขภาพ,2,331.74,4.0,ลูกค้าใหม่
1813,2026-04-28,อุบลราชธานี,ภาคตะวันออกเฉียงเหนือ,วัตถุดิบ,1,214.67,3.7,ลูกค้าใหม่
1814,2026-02-17,ขอนแก่น,ภาคตะวันออกเฉียงเหนือ,เครื่องดื่ม,3,226.78,4.0,ลูกค้าใหม่
1815,2026-07-18,เลย,ภาคตะวันออกเฉียงเหนือ,เครื่องดื่ม,3,181.91,4.5,ลูกค้าประจำ
1816,2026-03-25,กำแพงเพชร,ภาคกลาง,ขนมและเบเกอรี่,4,295.34,4.1,ลูกค้าใหม่
1817,2026-02-21,สมุทรปราการ,ภาคกลาง,อาหารพร้อมทาน,3,141.39,4.5,ลูกค้าประจำ
1818,2026-09-17,กระบี่,ภาคใต้,เครื่องดื่ม,3,159.94,4.1,ลูกค้าประจำ
1819,2026-01-28,กระบี่,ภาคใต้,วัตถุดิบ,4,647.9,4.0,ลูกค้าประจำ
1820,2026-07-10,ตรัง,ภาคใต้,อาหารสุขภาพ,4,433.85,4.7,ลูกค้าประจำ
1821,2026-08-06,สุรินทร์,ภาคตะวันออกเฉียงเหนือ,ขนมและเบเกอรี่,1,91.88,4.3,ลูกค้าประจำ
1822,2026-05-13,ชัยภูมิ,ภาคตะวันออกเฉียงเหนือ,เครื่องดื่ม,1,66.25,3.8,ลูกค้าประจำ
1823,2026-01-21,ศรีสะเกษ,ภาคตะวันออกเฉียงเหนือ,อาหารพร้อมทาน,4,453.02,3.7,ลูกค้าประจำ
1824,2026-07-09,สตูล,ภาคใต้,ขนมและเบเกอรี่,1,71.61,3.9,ลูกค้าประจำ
1825,2026-04-02,เพชรบุรี,ภาคตะวันตก,อาหารพร้อมทาน,5,625.3,3.9,ลูกค้าประจำ
1826,2026-01-19,กาญจนบุรี,ภาคตะวันตก,วัตถุดิบ,3,599.66,4.4,ลูกค้าประจำ
1827,2026-03-31,กำแพงเพชร,ภาคกลาง,อาหารสุขภาพ,4,465.54,3.6,ลูกค้าใหม่
1828,2026-05-21,ตาก,ภาคตะวันตก,เครื่องดื่ม,4,334.13,4.0,ลูกค้าประจำ
1829,2026-01-21,ปัตตานี,ภาคใต้,อาหารสุขภาพ,5,741.27,3.6,ลูกค้าประจำ
1830,2026-02-21,กำแพงเพชร,ภาคกลาง,เครื่องดื่ม,5,277.55,4.1,ลูกค้าใหม่
1831,2026-01-12,มุกดาหาร,ภาคตะวันออกเฉียงเหนือ,ขนมและเบเกอรี่,4,424.92,3.8,ลูกค้าประจำ
1832,2026-05-14,ชัยภูมิ,ภาคตะวันออกเฉียงเหนือ,วัตถุดิบ,1,190.49,5.0,ลูกค้าใหม่
1833,2026-04-21,จันทบุรี,ภาคตะวันออก,ขนมและเบเกอรี่,5,558.78,4.6,ลูกค้าประจำ
1834,2026-01-24,พิจิตร,ภาคกลาง,เครื่องดื่ม,3,188.1,4.4,ลูกค้าใหม่
1835,2026-04-17,พิษณุโลก,ภาคกลาง,ขนมและเบเกอรี่,1,76.43,3.5,ลูกค้าประจำ
1836,2026-06-12,ตาก,ภาคตะวันตก,ขนมและเบเกอรี่,3,295.22,3.6,ลูกค้าใหม่
1837,2026-05-28,กาญจนบุรี,ภาคตะวันตก,ขนมและเบเกอรี่,2,135.67,4.6,ลูกค้าประจำ
1838,2026-07-19,อุทัยธานี,ภาคกลาง,วัตถุดิบ,5,924.43,4.2,ลูกค้าใหม่
1839,2026-08-16,มุกดาหาร,ภาคตะวันออกเฉียงเหนือ,ขนมและเบเกอรี่,3,282.63,3.7,ลูกค้าประจำ
1840,2026-07-19,บึงกาฬ,ภาคตะวันออกเฉียงเหนือ,อาหารสุขภาพ,2,257.85,3.9,ลูกค้าใหม่
1841,2026-06-26,อุดรธานี,ภาคตะวันออกเฉียงเหนือ,อาหารพร้อมทาน,4,418.12,3.6,ลูกค้าประจำ
1842,2026-08-28,เพชรบูรณ์,ภาคกลาง,ขนมและเบเกอรี่,3,143.37,3.5,ลูกค้าใหม่
1843,2026-01-12,ยโสธร,ภาคตะวันออกเฉียงเหนือ,อาหารสุขภาพ,4,524.59,4.6,ลูกค้าประจำ
1844,2026-03-09,อ่างทอง,ภาคกลาง,วัตถุดิบ,2,349.94,4.1,ลูกค้าใหม่
1845,2026-02-26,เชียงราย,ภาคเหนือ,วัตถุดิบ,2,374.39,4.4,ลูกค้าใหม่
1846,2026-06-30,นครราชสีมา,ภาคตะวันออกเฉียงเหนือ,วัตถุดิบ,5,635.33,4.6,ลูกค้าประจำ
1847,2026-02-24,อุบลราชธานี,ภาคตะวันออกเฉียงเหนือ,ขนมและเบเกอรี่,3,375.18,4.5,ลูกค้าประจำ
1848,2026-04-26,สิงห์บุรี,ภาคกลาง,อาหารสุขภาพ,5,595.43,4.8,ลูกค้าประจำ
1849,2026-04-01,สมุทรปราการ,ภาคกลาง,ขนมและเบเกอรี่,4,472.1,4.1,ลูกค้าใหม่
1850,2026-03-30,สุรินทร์,ภาคตะวันออกเฉียงเหนือ,ขนมและเบเกอรี่,4,357.5,4.5,ลูกค้าใหม่
1851,2026-07-30,ระยอง,ภาคตะวันออก,อาหารสุขภาพ,4,509.77,3.8,ลูกค้าใหม่
1852,2026-09-15,ปทุมธานี,ภาคกลาง,เครื่องดื่ม,5,422.32,5.0,ลูกค้าประจำ
1853,2026-03-27,กาญจนบุรี,ภาคตะวันตก,ขนมและเบเกอรี่,5,333.26,4.4,ลูกค้าประจำ
1854,2026-07-19,ชุมพร,ภาคใต้,ขนมและเบเกอรี่,1,99.31,4.3,ลูกค้าใหม่
1855,2026-05-03,นครราชสีมา,ภาคตะวันออกเฉียงเหนือ,วัตถุดิบ,3,573.82,3.8,ลูกค้าใหม่
1856,2026-01-16,ภูเก็ต,ภาคใต้,เครื่องดื่ม,3,162.31,3.8,ลูกค้าประจำ
1857,2026-05-04,สตูล,ภาคใต้,เครื่องดื่ม,5,416.23,4.7,ลูกค้าประจำ
1858,2026-03-23,สิงห์บุรี,ภาคกลาง,อาหารพร้อมทาน,5,562.49,3.9,ลูกค้าใหม่
1859,2026-08-29,กรุงเทพมหานคร,ภาคกลาง,อาหารพร้อมทาน,4,463.18,4.8,ลูกค้าใหม่
1860,2026-01-13,ลำพูน,ภาคเหนือ,ขนมและเบเกอรี่,5,505.91,4.2,ลูกค้าใหม่
1861,2026-07-24,เพชรบุรี,ภาคตะวันตก,วัตถุดิบ,1,173.96,4.6,ลูกค้าประจำ
1862,2026-05-15,เลย,ภาคตะวันออกเฉียงเหนือ,อาหารพร้อมทาน,1,144.32,4.6,ลูกค้าใหม่
1863,2026-06-23,นครศรีธรรมราช,ภาคใต้,ขนมและเบเกอรี่,4,387.07,3.7,ลูกค้าใหม่
1864,2026-06-18,สมุทรสาคร,ภาคกลาง,เครื่องดื่ม,3,109.76,4.5,ลูกค้าใหม่
1865,2026-06-25,สตูล,ภาคใต้,วัตถุดิบ,2,477.39,3.9,ลูกค้าประจำ
1866,2026-05-21,มหาสารคาม,ภาคตะวันออกเฉียงเหนือ,วัตถุดิบ,3,284.01,4.4,ลูกค้าใหม่
1867,2026-04-24,นครปฐม,ภาคกลาง,อาหารสุขภาพ,3,603.91,4.8,ลูกค้าประจำ
1868,2026-06-06,เพชรบุรี,ภาคตะวันตก,ขนมและเบเกอรี่,2,219.17,4.2,ลูกค้าประจำ
1869,2026-05-30,เพชรบุรี,ภาคตะวันตก,เครื่องดื่ม,2,94.54,4.8,ลูกค้าประจำ
1870,2026-06-05,ประจวบคีรีขันธ์,ภาคตะวันตก,อาหารพร้อมทาน,2,193.82,3.7,ลูกค้าใหม่
1871,2026-09-22,พังงา,ภาคใต้,ขนมและเบเกอรี่,5,292.14,4.1,ลูกค้าใหม่
1872,2026-06-10,แม่ฮ่องสอน,ภาคเหนือ,เครื่องดื่ม,5,276.78,4.3,ลูกค้าประจำ
1873,2026-03-31,สระแก้ว,ภาคตะวันออก,เครื่องดื่ม,5,284.97,4.2,ลูกค้าประจำ
1874,2026-06-08,กระบี่,ภาคใต้,อาหารพร้อมทาน,3,430.17,3.8,ลูกค้าใหม่
1875,2026-04-11,พิจิตร,ภาคกลาง,อาหารสุขภาพ,1,180.55,4.0,ลูกค้าประจำ
1876,2026-04-14,อำนาจเจริญ,ภาคตะวันออกเฉียงเหนือ,อาหารพร้อมทาน,5,809.35,4.0,ลูกค้าใหม่
1877,2026-02-04,ลพบุรี,ภาคกลาง,อาหารพร้อมทาน,3,278.46,3.9,ลูกค้าใหม่
1878,2026-05-07,ฉะเชิงเทรา,ภาคตะวันออก,วัตถุดิบ,5,767.63,3.9,ลูกค้าใหม่
1879,2026-01-21,ปัตตานี,ภาคใต้,เครื่องดื่ม,4,150.58,5.0,ลูกค้าประจำ
1880,2026-04-08,หนองบัวลำภู,ภาคตะวันออกเฉียงเหนือ,ขนมและเบเกอรี่,1,64.48,4.6,ลูกค้าใหม่
1881,2026-04-17,ตาก,ภาคตะวันตก,อาหารสุขภาพ,3,595.78,3.8,ลูกค้าประจำ
1882,2026-06-13,สมุทรปราการ,ภาคกลาง,อาหารพร้อมทาน,5,842.34,4.7,ลูกค้าใหม่
1883,2026-02-12,น่าน,ภาคเหนือ,วัตถุดิบ,1,118.23,4.2,ลูกค้าใหม่
1884,2026-09-07,หนองคาย,ภาคตะวันออกเฉียงเหนือ,อาหารสุขภาพ,2,245.34,3.9,ลูกค้าใหม่
1885,2026-08-15,อุตรดิตถ์,ภาคเหนือ,วัตถุดิบ,1,151.99,4.7,ลูกค้าใหม่
1886,2026-05-09,อุทัยธานี,ภาคกลาง,อาหารสุขภาพ,4,684.83,4.6,ลูกค้าประจำ
1887,2026-09-05,สระบุรี,ภาคกลาง,เครื่องดื่ม,3,139.98,4.3,ลูกค้าประจำ
1888,2026-05-21,พังงา,ภาคใต้,อาหารสุขภาพ,2,353.92,4.5,ลูกค้าประจำ
1889,2026-01-04,สกลนคร,ภาคตะวันออกเฉียงเหนือ,อาหารพร้อมทาน,2,200.99,4.0,ลูกค้าประจำ
1890,2026-08-10,สระบุรี,ภาคกลาง,เครื่องดื่ม,2,129.53,4.5,ลูกค้าใหม่
1891,2026-04-10,สกลนคร,ภาคตะวันออกเฉียงเหนือ,ขนมและเบเกอรี่,5,539.87,4.7,ลูกค้าใหม่
1892,2026-06-13,บุรีรัมย์,ภาคตะวันออกเฉียงเหนือ,ขนมและเบเกอรี่,5,475.76,4.6,ลูกค้าประจำ
1893,2026-03-21,เชียงใหม่,ภาคเหนือ,ขนมและเบเกอรี่,5,423.18,4.0,ลูกค้าใหม่
1894,2026-03-22,ราชบุรี,ภาคตะวันตก,เครื่องดื่ม,2,113.79,4.0,ลูกค้าประจำ
1895,2026-05-15,อุบลราชธานี,ภาคตะวันออกเฉียงเหนือ,วัตถุดิบ,3,528.07,4.2,ลูกค้าประจำ
1896,2026-07-01,ร้อยเอ็ด,ภาคตะวันออกเฉียงเหนือ,เครื่องดื่ม,3,176.96,4.7,ลูกค้าประจำ
1897,2026-07-21,สงขลา,ภาคใต้,ขนมและเบเกอรี่,4,319.87,4.6,ลูกค้าใหม่
1898,2026-03-13,ลพบุรี,ภาคกลาง,อาหารพร้อมทาน,4,671.84,5.0,ลูกค้าประจำ
1899,2026-05-12,กาญจนบุรี,ภาคตะวันตก,เครื่องดื่ม,2,126.0,3.9,ลูกค้าประจำ
1900,2026-06-16,กาฬสินธุ์,ภาคตะวันออกเฉียงเหนือ,ขนมและเบเกอรี่,4,334.33,4.3,ลูกค้าใหม่
1901,2026-05-21,บุรีรัมย์,ภาคตะวันออกเฉียงเหนือ,อาหารสุขภาพ,5,892.42,3.7,ลูกค้าใหม่
1902,2026-08-29,นครราชสีมา,ภาคตะวันออกเฉียงเหนือ,ขนมและเบเกอรี่,4,296.04,4.9,ลูกค้าใหม่
1903,2026-07-12,ระยอง,ภาคตะวันออก,วัตถุดิบ,2,465.58,3.6,ลูกค้าใหม่
1904,2026-08-13,มุกดาหาร,ภาคตะวันออกเฉียงเหนือ,ขนมและเบเกอรี่,5,518.9,4.9,ลูกค้าใหม่
1905,2026-07-31,สมุทรสงคราม,ภาคกลาง,เครื่องดื่ม,1,63.26,4.7,ลูกค้าใหม่
1906,2026-02-15,อุทัยธานี,ภาคกลาง,ขนมและเบเกอรี่,5,528.17,4.2,ลูกค้าประจำ
1907,2026-09-29,อุดรธานี,ภาคตะวันออกเฉียงเหนือ,อาหารสุขภาพ,3,262.35,4.7,ลูกค้าใหม่
1908,2026-08-17,นครนายก,ภาคกลาง,อาหารพร้อมทาน,3,258.59,4.6,ลูกค้าใหม่
1909,2026-08-24,นนทบุรี,ภาคกลาง,ขนมและเบเกอรี่,4,266.58,4.0,ลูกค้าใหม่
1910,2026-01-12,พังงา,ภาคใต้,ขนมและเบเกอรี่,5,418.18,3.7,ลูกค้าประจำ
1911,2026-09-28,เลย,ภาคตะวันออกเฉียงเหนือ,วัตถุดิบ,4,1031.85,3.6,ลูกค้าประจำ
1912,2026-09-16,กาญจนบุรี,ภาคตะวันตก,อาหารสุขภาพ,4,997.01,4.8,ลูกค้าประจำ
1913,2026-06-20,สุรินทร์,ภาคตะวันออกเฉียงเหนือ,วัตถุดิบ,3,563.52,4.5,ลูกค้าใหม่
1914,2026-09-30,อำนาจเจริญ,ภาคตะวันออกเฉียงเหนือ,อาหารพร้อมทาน,5,675.13,3.7,ลูกค้าใหม่
1915,2026-04-08,อุดรธานี,ภาคตะวันออกเฉียงเหนือ,วัตถุดิบ,5,420.55,4.6,ลูกค้าประจำ
1916,2026-03-19,พิจิตร,ภาคกลาง,วัตถุดิบ,4,528.97,4.5,ลูกค้าใหม่
1917,2026-09-28,นนทบุรี,ภาคกลาง,อาหารสุขภาพ,3,366.19,4.7,ลูกค้าประจำ
1918,2026-01-04,กาญจนบุรี,ภาคตะวันตก,วัตถุดิบ,5,760.31,4.4,ลูกค้าประจำ
1919,2026-08-07,กาญจนบุรี,ภาคตะวันตก,อาหารพร้อมทาน,2,229.91,3.7,ลูกค้าใหม่
1920,2026-04-13,อุตรดิตถ์,ภาคเหนือ,ขนมและเบเกอรี่,5,397.99,4.7,ลูกค้าประจำ
1921,2026-04-16,อุดรธานี,ภาคตะวันออกเฉียงเหนือ,เครื่องดื่ม,2,65.67,4.0,ลูกค้าใหม่
1922,2026-03-07,กาฬสินธุ์,ภาคตะวันออกเฉียงเหนือ,อาหารสุขภาพ,5,949.58,4.3,ลูกค้าใหม่
1923,2026-04-17,ภูเก็ต,ภาคใต้,ขนมและเบเกอรี่,2,118.19,3.8,ลูกค้าใหม่
1924,2026-07-01,เลย,ภาคตะวันออกเฉียงเหนือ,ขนมและเบเกอรี่,2,201.36,3.5,ลูกค้าประจำ
1925,2026-04-17,ตราด,ภาคตะวันออก,วัตถุดิบ,1,259.67,4.1,ลูกค้าประจำ
1926,2026-07-14,สกลนคร,ภาคตะวันออกเฉียงเหนือ,วัตถุดิบ,2,277.26,4.4,ลูกค้าใหม่
1927,2026-09-22,ชุมพร,ภาคใต้,เครื่องดื่ม,5,107.47,3.7,ลูกค้าใหม่
1928,2026-06-12,ตราด,ภาคตะวันออก,วัตถุดิบ,5,835.65,4.1,ลูกค้าใหม่
1929,2026-05-11,ชุมพร,ภาคใต้,อาหารสุขภาพ,3,581.51,4.3,ลูกค้าประจำ
1930,2026-07-24,กาญจนบุรี,ภาคตะวันตก,อาหารพร้อมทาน,4,679.25,4.9,ลูกค้าใหม่
1931,2026-08-11,ยโสธร,ภาคตะวันออกเฉียงเหนือ,ขนมและเบเกอรี่,3,197.39,4.9,ลูกค้าประจำ
1932,2026-01-09,ประจวบคีรีขันธ์,ภาคตะวันตก,อาหารพร้อมทาน,4,512.62,4.9,ลูกค้าประจำ
1933,2026-04-01,ภูเก็ต,ภาคใต้,อาหารพร้อมทาน,2,212.08,4.3,ลูกค้าใหม่
1934,2026-08-29,สุพรรณบุรี,ภาคกลาง,เครื่องดื่ม,2,107.57,4.6,ลูกค้าใหม่
1935,2026-08-01,อุบลราชธานี,ภาคตะวันออกเฉียงเหนือ,เครื่องดื่ม,3,323.91,4.7,ลูกค้าประจำ
1936,2026-04-03,นครสวรรค์,ภาคกลาง,เครื่องดื่ม,5,202.88,4.0,ลูกค้าใหม่
1937,2026-06-06,นครราชสีมา,ภาคตะวันออกเฉียงเหนือ,อาหารพร้อมทาน,4,510.45,4.1,ลูกค้าประจำ
1938,2026-01-14,พังงา,ภาคใต้,อาหารสุขภาพ,3,536.12,4.0,ลูกค้าประจำ
1939,2026-07-13,กำแพงเพชร,ภาคกลาง,เครื่องดื่ม,4,330.58,4.6,ลูกค้าใหม่
1940,2026-04-25,นครราชสีมา,ภาคตะวันออกเฉียงเหนือ,อาหารพร้อมทาน,1,122.94,3.6,ลูกค้าใหม่
1941,2026-08-14,ตรัง,ภาคใต้,วัตถุดิบ,4,736.68,3.7,ลูกค้าใหม่
1942,2026-03-07,แพร่,ภาคเหนือ,วัตถุดิบ,4,649.5,4.0,ลูกค้าประจำ
1943,2026-04-11,เชียงราย,ภาคเหนือ,วัตถุดิบ,4,653.18,3.7,ลูกค้าใหม่
1944,2026-02-18,นครปฐม,ภาคกลาง,เครื่องดื่ม,1,50.51,4.6,ลูกค้าประจำ
1945,2026-04-05,เชียงใหม่,ภาคเหนือ,เครื่องดื่ม,2,150.2,4.6,ลูกค้าประจำ
1946,2026-09-22,มหาสารคาม,ภาคตะวันออกเฉียงเหนือ,วัตถุดิบ,5,735.15,4.4,ลูกค้าประจำ
1947,2026-03-16,ตาก,ภาคตะวันตก,ขนมและเบเกอรี่,4,415.82,4.4,ลูกค้าใหม่
1948,2026-01-08,ระยอง,ภาคตะวันออก,อาหารพร้อมทาน,2,238.24,3.7,ลูกค้าใหม่
1949,2026-01-06,ปราจีนบุรี,ภาคตะวันออก,เครื่องดื่ม,4,333.19,4.4,ลูกค้าประจำ
1950,2026-08-20,แม่ฮ่องสอน,ภาคเหนือ,เครื่องดื่ม,5,304.78,5.0,ลูกค้าประจำ
1951,2026-05-24,พังงา,ภาคใต้,อาหารสุขภาพ,4,356.31,4.5,ลูกค้าประจำ
1952,2026-09-07,มุกดาหาร,ภาคตะวันออกเฉียงเหนือ,เครื่องดื่ม,3,256.52,4.7,ลูกค้าประจำ
1953,2026-02-02,เชียงราย,ภาคเหนือ,ขนมและเบเกอรี่,5,367.44,4.7,ลูกค้าประจำ
1954,2026-04-27,กาฬสินธุ์,ภาคตะวันออกเฉียงเหนือ,อาหารสุขภาพ,2,267.7,5.0,ลูกค้าใหม่
1955,2026-06-27,ตราด,ภาคตะวันออก,อาหารสุขภาพ,3,408.52,4.0,ลูกค้าประจำ
1956,2026-07-23,หนองบัวลำภู,ภาคตะวันออกเฉียงเหนือ,อาหารพร้อมทาน,5,806.17,4.7,ลูกค้าใหม่
1957,2026-07-01,นครปฐม,ภาคกลาง,เครื่องดื่ม,1,30.3,4.3,ลูกค้าใหม่
1958,2026-09-30,อำนาจเจริญ,ภาคตะวันออกเฉียงเหนือ,อาหารสุขภาพ,5,1427.55,4.0,ลูกค้าใหม่
1959,2026-02-21,สุราษฎร์ธานี,ภาคใต้,เครื่องดื่ม,3,246.48,4.5,ลูกค้าใหม่
1960,2026-04-14,นครพนม,ภาคตะวันออกเฉียงเหนือ,อาหารสุขภาพ,5,802.42,3.9,ลูกค้าประจำ
1961,2026-09-01,เพชรบุรี,ภาคตะวันตก,วัตถุดิบ,5,843.27,4.2,ลูกค้าใหม่
1962,2026-06-09,เพชรบูรณ์,ภาคกลาง,อาหารพร้อมทาน,1,128.57,3.8,ลูกค้าใหม่
1963,2026-09-04,ฉะเชิงเทรา,ภาคตะวันออก,วัตถุดิบ,2,406.9,4.7,ลูกค้าใหม่
1964,2026-04-10,ราชบุรี,ภาคตะวันตก,เครื่องดื่ม,4,286.84,3.9,ลูกค้าประจำ
1965,2026-07-25,ชัยนาท,ภาคกลาง,เครื่องดื่ม,3,222.09,3.7,ลูกค้าใหม่
1966,2026-05-22,บึงกาฬ,ภาคตะวันออกเฉียงเหนือ,วัตถุดิบ,2,312.85,4.6,ลูกค้าใหม่
1967,2026-02-22,ตราด,ภาคตะวันออก,อาหารสุขภาพ,3,410.69,4.7,ลูกค้าประจำ
1968,2026-08-21,ประจวบคีรีขันธ์,ภาคตะวันตก,วัตถุดิบ,3,519.58,3.7,ลูกค้าประจำ
1969,2026-02-27,พัทลุง,ภาคใต้,อาหารพร้อมทาน,4,456.61,4.4,ลูกค้าประจำ
1970,2026-04-26,อุตรดิตถ์,ภาคเหนือ,เครื่องดื่ม,4,333.7,4.3,ลูกค้าใหม่
1971,2026-09-11,อุบลราชธานี,ภาคตะวันออกเฉียงเหนือ,ขนมและเบเกอรี่,2,185.46,4.8,ลูกค้าประจำ
1972,2026-05-22,ลำพูน,ภาคเหนือ,อาหารพร้อมทาน,1,31.79,4.9,ลูกค้าประจำ
1973,2026-01-07,ลำพูน,ภาคเหนือ,ขนมและเบเกอรี่,3,331.73,3.7,ลูกค้าประจำ
1974,2026-08-11,ปัตตานี,ภาคใต้,อาหารสุขภาพ,4,671.16,4.5,ลูกค้าใหม่
1975,2026-07-12,สระแก้ว,ภาคตะวันออก,อาหารสุขภาพ,5,716.63,4.4,ลูกค้าประจำ
1976,2026-02-20,ขอนแก่น,ภาคตะวันออกเฉียงเหนือ,อาหารสุขภาพ,1,130.01,4.4,ลูกค้าใหม่
1977,2026-08-04,ปราจีนบุรี,ภาคตะวันออก,ขนมและเบเกอรี่,5,517.22,4.7,ลูกค้าใหม่
1978,2026-09-25,แม่ฮ่องสอน,ภาคเหนือ,วัตถุดิบ,4,801.5,3.6,ลูกค้าประจำ
1979,2026-04-03,ศรีสะเกษ,ภาคตะวันออกเฉียงเหนือ,อาหารพร้อมทาน,2,174.26,3.5,ลูกค้าประจำ
1980,2026-08-22,เชียงราย,ภาคเหนือ,ขนมและเบเกอรี่,4,418.67,4.8,ลูกค้าประจำ
1981,2026-05-22,ยโสธร,ภาคตะวันออกเฉียงเหนือ,ขนมและเบเกอรี่,3,215.77,4.2,ลูกค้าใหม่
1982,2026-04-18,ภูเก็ต,ภาคใต้,วัตถุดิบ,3,353.75,4.3,ลูกค้าประจำ
1983,2026-02-15,ลพบุรี,ภาคกลาง,ขนมและเบเกอรี่,2,152.22,4.0,ลูกค้าใหม่
1984,2026-02-16,พะเยา,ภาคเหนือ,ขนมและเบเกอรี่,1,98.16,4.5,ลูกค้าประจำ
1985,2026-05-16,สระบุรี,ภาคกลาง,เครื่องดื่ม,4,321.95,4.8,ลูกค้าประจำ
1986,2026-03-23,แม่ฮ่องสอน,ภาคเหนือ,ขนมและเบเกอรี่,4,428.74,4.9,ลูกค้าประจำ
1987,2026-06-08,กาญจนบุรี,ภาคตะวันตก,อาหารพร้อมทาน,2,255.16,4.9,ลูกค้าประจำ
1988,2026-02-08,อ่างทอง,ภาคกลาง,อาหารสุขภาพ,2,343.23,3.8,ลูกค้าใหม่
1989,2026-06-24,อุบลราชธานี,ภาคตะวันออกเฉียงเหนือ,วัตถุดิบ,3,453.4,4.3,ลูกค้าประจำ
1990,2026-05-31,นครนายก,ภาคกลาง,วัตถุดิบ,1,169.52,4.4,ลูกค้าใหม่
1991,2026-05-06,ภูเก็ต,ภาคใต้,เครื่องดื่ม,4,312.03,4.3,ลูกค้าประจำ
1992,2026-04-23,กาฬสินธุ์,ภาคตะวันออกเฉียงเหนือ,วัตถุดิบ,2,363.7,3.9,ลูกค้าใหม่
1993,2026-06-01,สกลนคร,ภาคตะวันออกเฉียงเหนือ,เครื่องดื่ม,2,168.64,3.9,ลูกค้าใหม่
1994,2026-04-09,สมุทรสาคร,ภาคกลาง,วัตถุดิบ,4,762.75,4.1,ลูกค้าประจำ
1995,2026-07-06,อุดรธานี,ภาคตะวันออกเฉียงเหนือ,วัตถุดิบ,3,499.33,4.7,ลูกค้าประจำ
1996,2026-06-13,ศรีสะเกษ,ภาคตะวันออกเฉียงเหนือ,ขนมและเบเกอรี่,3,361.25,4.3,ลูกค้าใหม่
1997,2026-03-07,นครนายก,ภาคกลาง,ขนมและเบเกอรี่,2,169.87,3.6,ลูกค้าประจำ
1998,2026-04-27,สุรินทร์,ภาคตะวันออกเฉียงเหนือ,ขนมและเบเกอรี่,1,66.65,4.6,ลูกค้าใหม่
1999,2026-08-24,สมุทรปราการ,ภาคกลาง,ขนมและเบเกอรี่,5,455.64,4.4,ลูกค้าประจำ
2000,2026-01-12,อุทัยธานี,ภาคกลาง,วัตถุดิบ,1,146.48,4.3,ลูกค้าใหม่
2001,2026-07-01,แม่ฮ่องสอน,ภาคเหนือ,วัตถุดิบ,2,299.23,3.6,ลูกค้าประจำ
2002,2026-09-09,อำนาจเจริญ,ภาคตะวันออกเฉียงเหนือ,ขนมและเบเกอรี่,1,77.83,4.1,ลูกค้าใหม่
2003,2026-06-05,ราชบุรี,ภาคตะวันตก,เครื่องดื่ม,4,208.49,4.0,ลูกค้าประจำ
2004,2026-01-04,นครปฐม,ภาคกลาง,อาหารสุขภาพ,5,738.41,5.0,ลูกค้าใหม่
2005,2026-02-02,ยโสธร,ภาคตะวันออกเฉียงเหนือ,อาหารสุขภาพ,1,84.26,4.3,ลูกค้าใหม่
2006,2026-04-03,นราธิวาส,ภาคใต้,เครื่องดื่ม,5,342.33,3.5,ลูกค้าประจำ
2007,2026-07-26,ตราด,ภาคตะวันออก,ขนมและเบเกอรี่,1,95.03,4.4,ลูกค้าประจำ
2008,2026-06-25,ลำปาง,ภาคเหนือ,วัตถุดิบ,4,572.92,3.8,ลูกค้าประจำ
2009,2026-09-13,ยโสธร,ภาคตะวันออกเฉียงเหนือ,เครื่องดื่ม,4,302.85,3.6,ลูกค้าประจำ
2010,2026-02-11,ลพบุรี,ภาคกลาง,เครื่องดื่ม,2,160.47,4.0,ลูกค้าใหม่
2011,2026-02-01,สุราษฎร์ธานี,ภาคใต้,ขนมและเบเกอรี่,1,51.14,5.0,ลูกค้าใหม่
2012,2026-09-28,ร้อยเอ็ด,ภาคตะวันออกเฉียงเหนือ,อาหารพร้อมทาน,2,194.24,3.5,ลูกค้าประจำ
2013,2026-07-11,ระยอง,ภาคตะวันออก,ขนมและเบเกอรี่,1,69.06,4.8,ลูกค้าใหม่
2014,2026-04-22,นราธิวาส,ภาคใต้,อาหารสุขภาพ,4,489.62,5.0,ลูกค้าใหม่
2015,2026-04-01,นครพนม,ภาคตะวันออกเฉียงเหนือ,อาหารสุขภาพ,3,521.58,4.8,ลูกค้าใหม่
2016,2026-01-20,สิงห์บุรี,ภาคกลาง,เครื่องดื่ม,4,247.4,4.9,ลูกค้าใหม่
2017,2026-04-03,แพร่,ภาคเหนือ,ขนมและเบเกอรี่,1,88.72,4.4,ลูกค้าใหม่
2018,2026-03-21,เชียงราย,ภาคเหนือ,วัตถุดิบ,2,161.69,5.0,ลูกค้าประจำ
2019,2026-03-01,สตูล,ภาคใต้,อาหารสุขภาพ,4,704.58,4.5,ลูกค้าใหม่
2020,2026-05-03,มุกดาหาร,ภาคตะวันออกเฉียงเหนือ,เครื่องดื่ม,3,134.59,4.9,ลูกค้าประจำ
2021,2026-01-31,นราธิวาส,ภาคใต้,วัตถุดิบ,1,182.7,4.9,ลูกค้าประจำ
2022,2026-06-14,อุทัยธานี,ภาคกลาง,อาหารพร้อมทาน,5,641.61,4.9,ลูกค้าประจำ
2023,2026-03-11,หนองคาย,ภาคตะวันออกเฉียงเหนือ,เครื่องดื่ม,3,261.33,4.2,ลูกค้าใหม่
2024,2026-07-13,เพชรบุรี,ภาคตะวันตก,วัตถุดิบ,4,460.19,3.6,ลูกค้าใหม่
2025,2026-09-05,สระแก้ว,ภาคตะวันออก,อาหารพร้อมทาน,3,79.42,4.4,ลูกค้าประจำ
2026,2026-01-22,สระบุรี,ภาคกลาง,ขนมและเบเกอรี่,1,89.43,3.8,ลูกค้าใหม่
2027,2026-03-30,แพร่,ภาคเหนือ,อาหารสุขภาพ,5,1044.09,4.5,ลูกค้าใหม่
2028,2026-07-17,สุรินทร์,ภาคตะวันออกเฉียงเหนือ,อาหารพร้อมทาน,1,157.17,3.8,ลูกค้าใหม่
2029,2026-09-18,ศรีสะเกษ,ภาคตะวันออกเฉียงเหนือ,อาหารสุขภาพ,5,841.93,4.1,ลูกค้าใหม่
2030,2026-04-24,บุรีรัมย์,ภาคตะวันออกเฉียงเหนือ,อาหารพร้อมทาน,4,421.0,4.6,ลูกค้าใหม่
2031,2026-01-08,บึงกาฬ,ภาคตะวันออกเฉียงเหนือ,วัตถุดิบ,2,389.38,3.6,ลูกค้าประจำ
2032,2026-05-04,บึงกาฬ,ภาคตะวันออกเฉียงเหนือ,อาหารพร้อมทาน,3,272.38,4.5,ลูกค้าประจำ
2033,2026-07-25,นครสวรรค์,ภาคกลาง,วัตถุดิบ,2,402.87,3.6,ลูกค้าใหม่
2034,2026-05-13,อุบลราชธานี,ภาคตะวันออกเฉียงเหนือ,เครื่องดื่ม,5,311.16,4.8,ลูกค้าประจำ
2035,2026-05-20,อุดรธานี,ภาคตะวันออกเฉียงเหนือ,ขนมและเบเกอรี่,2,204.31,4.1,ลูกค้าใหม่
2036,2026-04-08,ลำพูน,ภาคเหนือ,วัตถุดิบ,4,1216.74,4.7,ลูกค้าประจำ
2037,2026-07-22,พระนครศรีอยุธยา,ภาคกลาง,อาหารสุขภาพ,1,149.34,3.6,ลูกค้าประจำ
2038,2026-02-28,ตาก,ภาคตะวันตก,เครื่องดื่ม,1,48.22,3.7,ลูกค้าประจำ
2039,2026-03-27,ชลบุรี,ภาคตะวันออก,เครื่องดื่ม,5,322.92,4.9,ลูกค้าประจำ
2040,2026-05-26,ราชบุรี,ภาคตะวันตก,ขนมและเบเกอรี่,5,264.92,4.8,ลูกค้าประจำ
2041,2026-02-14,เชียงใหม่,ภาคเหนือ,อาหารพร้อมทาน,4,396.63,4.3,ลูกค้าประจำ
2042,2026-08-29,น่าน,ภาคเหนือ,เครื่องดื่ม,5,291.75,4.2,ลูกค้าใหม่
2043,2026-02-12,ประจวบคีรีขันธ์,ภาคตะวันตก,อาหารพร้อมทาน,4,417.11,4.6,ลูกค้าใหม่
2044,2026-08-13,ปราจีนบุรี,ภาคตะวันออก,วัตถุดิบ,5,934.28,4.6,ลูกค้าประจำ
2045,2026-04-18,อุบลราชธานี,ภาคตะวันออกเฉียงเหนือ,อาหารพร้อมทาน,5,476.64,4.6,ลูกค้าใหม่
2046,2026-05-09,อำนาจเจริญ,ภาคตะวันออกเฉียงเหนือ,อาหารพร้อมทาน,2,307.26,4.9,ลูกค้าประจำ
2047,2026-07-14,สมุทรปราการ,ภาคกลาง,เครื่องดื่ม,1,61.75,3.7,ลูกค้าประจำ
2048,2026-04-10,สิงห์บุรี,ภาคกลาง,อาหารพร้อมทาน,2,239.44,4.0,ลูกค้าประจำ
2049,2026-09-28,กาฬสินธุ์,ภาคตะวันออกเฉียงเหนือ,วัตถุดิบ,1,165.24,3.9,ลูกค้าใหม่
2050,2026-02-27,นครปฐม,ภาคกลาง,อาหารสุขภาพ,3,498.62,4.5,ลูกค้าประจำ
2051,2026-03-28,สุพรรณบุรี,ภาคกลาง,อาหารสุขภาพ,1,173.7,4.6,ลูกค้าประจำ
2052,2026-04-30,ร้อยเอ็ด,ภาคตะวันออกเฉียงเหนือ,อาหารพร้อมทาน,2,187.97,3.5,ลูกค้าใหม่
2053,2026-03-03,อำนาจเจริญ,ภาคตะวันออกเฉียงเหนือ,อาหารพร้อมทาน,4,360.92,4.8,ลูกค้าใหม่
2054,2026-09-01,อำนาจเจริญ,ภาคตะวันออกเฉียงเหนือ,อาหารสุขภาพ,1,147.85,4.9,ลูกค้าประจำ
2055,2026-05-02,พิษณุโลก,ภาคกลาง,อาหารสุขภาพ,4,403.43,4.5,ลูกค้าประจำ
2056,2026-08-21,แม่ฮ่องสอน,ภาคเหนือ,วัตถุดิบ,4,572.53,4.3,ลูกค้าประจำ
2057,2026-03-31,ปทุมธานี,ภาคกลาง,เครื่องดื่ม,3,146.02,4.9,ลูกค้าประจำ
2058,2026-01-11,พระนครศรีอยุธยา,ภาคกลาง,เครื่องดื่ม,3,201.98,4.1,ลูกค้าประจำ
2059,2026-04-27,นครปฐม,ภาคกลาง,อาหารพร้อมทาน,4,485.93,5.0,ลูกค้าใหม่
2060,2026-08-02,ยโสธร,ภาคตะวันออกเฉียงเหนือ,เครื่องดื่ม,4,258.95,4.2,ลูกค้าประจำ
2061,2026-06-22,สกลนคร,ภาคตะวันออกเฉียงเหนือ,วัตถุดิบ,4,873.16,4.0,ลูกค้าประจำ
2062,2026-04-22,นครนายก,ภาคกลาง,อาหารสุขภาพ,2,309.01,4.6,ลูกค้าใหม่
2063,2026-07-11,ยะลา,ภาคใต้,วัตถุดิบ,5,938.46,4.5,ลูกค้าใหม่
2064,2026-08-20,ราชบุรี,ภาคตะวันตก,เครื่องดื่ม,4,253.29,4.0,ลูกค้าประจำ
2065,2026-03-22,จันทบุรี,ภาคตะวันออก,เครื่องดื่ม,2,138.62,4.5,ลูกค้าประจำ
2066,2026-04-16,นนทบุรี,ภาคกลาง,วัตถุดิบ,1,130.71,4.1,ลูกค้าใหม่
2067,2026-07-25,พัทลุง,ภาคใต้,อาหารสุขภาพ,2,106.16,4.4,ลูกค้าใหม่
2068,2026-05-06,นครพนม,ภาคตะวันออกเฉียงเหนือ,วัตถุดิบ,3,495.78,4.8,ลูกค้าใหม่
2069,2026-09-29,สระแก้ว,ภาคตะวันออก,ขนมและเบเกอรี่,5,579.56,4.6,ลูกค้าใหม่
2070,2026-01-05,เชียงราย,ภาคเหนือ,อาหารพร้อมทาน,1,147.79,4.9,ลูกค้าใหม่
2071,2026-04-14,มหาสารคาม,ภาคตะวันออกเฉียงเหนือ,อาหารพร้อมทาน,3,446.89,4.6,ลูกค้าใหม่
2072,2026-06-11,แพร่,ภาคเหนือ,อาหารพร้อมทาน,3,424.13,4.4,ลูกค้าประจำ
2073,2026-06-05,สมุทรสงคราม,ภาคกลาง,ขนมและเบเกอรี่,2,194.21,3.7,ลูกค้าใหม่
2074,2026-09-30,นครพนม,ภาคตะวันออกเฉียงเหนือ,เครื่องดื่ม,4,272.83,4.9,ลูกค้าประจำ
2075,2026-08-29,นครราชสีมา,ภาคตะวันออกเฉียงเหนือ,อาหารสุขภาพ,5,575.0,4.5,ลูกค้าประจำ
2076,2026-02-19,ปัตตานี,ภาคใต้,อาหารพร้อมทาน,2,209.98,4.6,ลูกค้าใหม่
2077,2026-03-29,ระนอง,ภาคใต้,วัตถุดิบ,4,789.3,4.7,ลูกค้าประจำ
2078,2026-08-18,สกลนคร,ภาคตะวันออกเฉียงเหนือ,อาหารสุขภาพ,5,1040.78,4.8,ลูกค้าประจำ
2079,2026-07-09,อำนาจเจริญ,ภาคตะวันออกเฉียงเหนือ,ขนมและเบเกอรี่,3,275.06,3.6,ลูกค้าใหม่
2080,2026-04-11,เพชรบูรณ์,ภาคกลาง,วัตถุดิบ,2,319.48,4.9,ลูกค้าประจำ
2081,2026-09-11,เพชรบุรี,ภาคตะวันตก,อาหารพร้อมทาน,3,324.04,3.5,ลูกค้าประจำ
2082,2026-09-20,นครศรีธรรมราช,ภาคใต้,ขนมและเบเกอรี่,3,327.84,3.9,ลูกค้าใหม่
2083,2026-05-03,สระแก้ว,ภาคตะวันออก,ขนมและเบเกอรี่,2,121.42,4.6,ลูกค้าประจำ
2084,2026-05-20,สงขลา,ภาคใต้,วัตถุดิบ,3,230.02,4.6,ลูกค้าประจำ
2085,2026-03-08,ชัยภูมิ,ภาคตะวันออกเฉียงเหนือ,ขนมและเบเกอรี่,5,409.62,4.8,ลูกค้าใหม่
2086,2026-04-13,อุดรธานี,ภาคตะวันออกเฉียงเหนือ,อาหารพร้อมทาน,3,237.63,4.9,ลูกค้าประจำ
2087,2026-07-12,ระยอง,ภาคตะวันออก,อาหารพร้อมทาน,3,267.13,4.0,ลูกค้าประจำ
2088,2026-05-14,ลำปาง,ภาคเหนือ,ขนมและเบเกอรี่,2,182.98,4.3,ลูกค้าประจำ
2089,2026-02-13,พิษณุโลก,ภาคกลาง,ขนมและเบเกอรี่,1,80.02,4.7,ลูกค้าประจำ
2090,2026-02-24,สุโขทัย,ภาคกลาง,อาหารพร้อมทาน,1,163.57,3.9,ลูกค้าใหม่
2091,2026-05-02,ร้อยเอ็ด,ภาคตะวันออกเฉียงเหนือ,อาหารพร้อมทาน,2,233.64,4.7,ลูกค้าใหม่
2092,2026-02-06,กระบี่,ภาคใต้,อาหารพร้อมทาน,3,348.34,3.7,ลูกค้าประจำ
2093,2026-01-29,มหาสารคาม,ภาคตะวันออกเฉียงเหนือ,อาหารพร้อมทาน,5,693.33,4.6,ลูกค้าใหม่
2094,2026-02-16,ชัยภูมิ,ภาคตะวันออกเฉียงเหนือ,เครื่องดื่ม,1,39.52,3.5,ลูกค้าใหม่
2095,2026-06-14,บึงกาฬ,ภาคตะวันออกเฉียงเหนือ,อาหารพร้อมทาน,1,143.61,4.4,ลูกค้าใหม่
2096,2026-04-06,สมุทรสงคราม,ภาคกลาง,เครื่องดื่ม,4,229.57,4.2,ลูกค้าใหม่
2097,2026-02-10,สกลนคร,ภาคตะวันออกเฉียงเหนือ,เครื่องดื่ม,5,379.48,3.8,ลูกค้าใหม่
2098,2026-04-07,พังงา,ภาคใต้,เครื่องดื่ม,5,214.12,4.5,ลูกค้าใหม่
2099,2026-03-25,นราธิวาส,ภาคใต้,เครื่องดื่ม,3,119.25,4.1,ลูกค้าประจำ
2100,2026-05-27,อุบลราชธานี,ภาคตะวันออกเฉียงเหนือ,วัตถุดิบ,5,921.42,3.8,ลูกค้าประจำ
2101,2026-05-09,แม่ฮ่องสอน,ภาคเหนือ,เครื่องดื่ม,5,355.58,3.9,ลูกค้าใหม่
2102,2026-06-26,ชลบุรี,ภาคตะวันออก,อาหารพร้อมทาน,1,88.29,4.9,ลูกค้าใหม่
2103,2026-02-15,ศรีสะเกษ,ภาคตะวันออกเฉียงเหนือ,อาหารพร้อมทาน,4,375.64,4.0,ลูกค้าประจำ
2104,2026-06-13,ชลบุรี,ภาคตะวันออก,อาหารสุขภาพ,3,522.79,4.2,ลูกค้าประจำ
2105,2026-06-10,ร้อยเอ็ด,ภาคตะวันออกเฉียงเหนือ,วัตถุดิบ,3,360.46,4.3,ลูกค้าใหม่
2106,2026-06-30,ประจวบคีรีขันธ์,ภาคตะวันตก,อาหารสุขภาพ,2,451.41,4.1,ลูกค้าประจำ
2107,2026-08-20,ภูเก็ต,ภาคใต้,วัตถุดิบ,4,529.99,3.7,ลูกค้าประจำ
2108,2026-07-15,ลำพูน,ภาคเหนือ,อาหารพร้อมทาน,2,278.3,5.0,ลูกค้าใหม่
2109,2026-03-30,ลพบุรี,ภาคกลาง,ขนมและเบเกอรี่,1,82.84,3.7,ลูกค้าใหม่
2110,2026-08-30,บุรีรัมย์,ภาคตะวันออกเฉียงเหนือ,อาหารพร้อมทาน,1,131.19,3.7,ลูกค้าประจำ
2111,2026-03-23,น่าน,ภาคเหนือ,อาหารพร้อมทาน,4,393.97,4.0,ลูกค้าประจำ
2112,2026-09-13,ประจวบคีรีขันธ์,ภาคตะวันตก,เครื่องดื่ม,4,224.48,4.1,ลูกค้าใหม่
2113,2026-02-04,สระแก้ว,ภาคตะวันออก,อาหารพร้อมทาน,3,363.68,4.9,ลูกค้าประจำ
2114,2026-09-11,เพชรบุรี,ภาคตะวันตก,เครื่องดื่ม,2,87.69,4.7,ลูกค้าประจำ
2115,2026-03-23,สระแก้ว,ภาคตะวันออก,อาหารพร้อมทาน,3,362.67,4.0,ลูกค้าประจำ
2116,2026-03-08,เลย,ภาคตะวันออกเฉียงเหนือ,อาหารสุขภาพ,1,125.52,4.3,ลูกค้าประจำ
2117,2026-08-31,ร้อยเอ็ด,ภาคตะวันออกเฉียงเหนือ,เครื่องดื่ม,3,165.47,3.6,ลูกค้าประจำ
2118,2026-06-17,ร้อยเอ็ด,ภาคตะวันออกเฉียงเหนือ,วัตถุดิบ,2,270.51,4.5,ลูกค้าประจำ
2119,2026-06-19,สมุทรสงคราม,ภาคกลาง,ขนมและเบเกอรี่,5,170.72,4.5,ลูกค้าใหม่
2120,2026-05-02,ภูเก็ต,ภาคใต้,อาหารสุขภาพ,2,259.01,4.7,ลูกค้าใหม่
2121,2026-06-10,สระแก้ว,ภาคตะวันออก,อาหารสุขภาพ,4,1026.02,4.3,ลูกค้าใหม่
2122,2026-02-11,ระยอง,ภาคตะวันออก,เครื่องดื่ม,5,388.75,4.3,ลูกค้าประจำ
2123,2026-04-09,พัทลุง,ภาคใต้,อาหารพร้อมทาน,4,453.8,4.7,ลูกค้าประจำ
2124,2026-05-07,นครปฐม,ภาคกลาง,ขนมและเบเกอรี่,1,84.32,3.8,ลูกค้าใหม่
2125,2026-03-16,ภูเก็ต,ภาคใต้,ขนมและเบเกอรี่,5,453.78,4.7,ลูกค้าประจำ
2126,2026-04-13,สระแก้ว,ภาคตะวันออก,ขนมและเบเกอรี่,5,485.97,4.7,ลูกค้าใหม่
2127,2026-02-01,อุบลราชธานี,ภาคตะวันออกเฉียงเหนือ,อาหารสุขภาพ,1,112.77,4.6,ลูกค้าใหม่
2128,2026-07-12,สุราษฎร์ธานี,ภาคใต้,อาหารสุขภาพ,3,613.72,4.1,ลูกค้าใหม่
2129,2026-06-01,เพชรบูรณ์,ภาคกลาง,ขนมและเบเกอรี่,2,223.98,3.5,ลูกค้าประจำ
2130,2026-08-17,ชัยภูมิ,ภาคตะวันออกเฉียงเหนือ,ขนมและเบเกอรี่,4,448.23,4.4,ลูกค้าใหม่
2131,2026-05-21,อุบลราชธานี,ภาคตะวันออกเฉียงเหนือ,วัตถุดิบ,3,599.19,4.2,ลูกค้าใหม่
2132,2026-03-07,สตูล,ภาคใต้,ขนมและเบเกอรี่,2,171.84,4.0,ลูกค้าใหม่
2133,2026-09-02,ตราด,ภาคตะวันออก,อาหารพร้อมทาน,3,378.5,4.1,ลูกค้าประจำ
2134,2026-08-11,ระนอง,ภาคใต้,อาหารสุขภาพ,1,156.12,4.5,ลูกค้าประจำ
2135,2026-05-25,นครสวรรค์,ภาคกลาง,ขนมและเบเกอรี่,5,432.96,4.0,ลูกค้าใหม่
2136,2026-02-02,สุโขทัย,ภาคกลาง,อาหารพร้อมทาน,2,195.3,4.9,ลูกค้าใหม่
2137,2026-05-01,นครพนม,ภาคตะวันออกเฉียงเหนือ,อาหารพร้อมทาน,5,615.28,3.6,ลูกค้าประจำ
2138,2026-06-25,ยโสธร,ภาคตะวันออกเฉียงเหนือ,ขนมและเบเกอรี่,1,125.2,4.6,ลูกค้าประจำ
2139,2026-08-02,ลพบุรี,ภาคกลาง,อาหารสุขภาพ,1,99.39,4.5,ลูกค้าประจำ
2140,2026-08-18,นครพนม,ภาคตะวันออกเฉียงเหนือ,อาหารสุขภาพ,1,101.3,3.7,ลูกค้าประจำ
2141,2026-01-13,ประจวบคีรีขันธ์,ภาคตะวันตก,เครื่องดื่ม,1,57.53,3.6,ลูกค้าใหม่
2142,2026-04-30,สมุทรสาคร,ภาคกลาง,อาหารพร้อมทาน,1,121.53,4.9,ลูกค้าใหม่
2143,2026-07-22,สิงห์บุรี,ภาคกลาง,ขนมและเบเกอรี่,3,282.48,3.5,ลูกค้าประจำ
2144,2026-02-04,สระบุรี,ภาคกลาง,อาหารพร้อมทาน,4,458.35,3.6,ลูกค้าใหม่
2145,2026-01-04,บึงกาฬ,ภาคตะวันออกเฉียงเหนือ,เครื่องดื่ม,5,291.52,4.0,ลูกค้าใหม่
2146,2026-07-23,อุตรดิตถ์,ภาคเหนือ,ขนมและเบเกอรี่,5,651.92,3.8,ลูกค้าใหม่
2147,2026-09-19,พิษณุโลก,ภาคกลาง,ขนมและเบเกอรี่,5,284.89,4.1,ลูกค้าใหม่
2148,2026-05-14,พระนครศรีอยุธยา,ภาคกลาง,ขนมและเบเกอรี่,2,150.65,4.1,ลูกค้าประจำ
2149,2026-09-20,สงขลา,ภาคใต้,อาหารพร้อมทาน,4,420.85,4.7,ลูกค้าใหม่
2150,2026-02-24,นนทบุรี,ภาคกลาง,อาหารพร้อมทาน,1,67.17,4.6,ลูกค้าใหม่
2151,2026-04-20,น่าน,ภาคเหนือ,อาหารสุขภาพ,3,390.06,4.8,ลูกค้าประจำ
2152,2026-04-28,ยะลา,ภาคใต้,วัตถุดิบ,1,216.55,4.4,ลูกค้าประจำ
2153,2026-01-07,บุรีรัมย์,ภาคตะวันออกเฉียงเหนือ,อาหารสุขภาพ,1,160.84,3.8,ลูกค้าใหม่
2154,2026-07-18,มหาสารคาม,ภาคตะวันออกเฉียงเหนือ,เครื่องดื่ม,4,233.75,4.6,ลูกค้าประจำ
2155,2026-09-03,ราชบุรี,ภาคตะวันตก,อาหารสุขภาพ,2,208.23,4.3,ลูกค้าประจำ
2156,2026-01-01,ปัตตานี,ภาคใต้,อาหารพร้อมทาน,5,507.55,4.8,ลูกค้าใหม่
2157,2026-08-16,กระบี่,ภาคใต้,ขนมและเบเกอรี่,1,86.09,4.1,ลูกค้าใหม่
2158,2026-04-08,เชียงราย,ภาคเหนือ,อาหารพร้อมทาน,3,331.41,5.0,ลูกค้าประจำ
2159,2026-01-12,ชัยนาท,ภาคกลาง,ขนมและเบเกอรี่,4,426.49,3.9,ลูกค้าใหม่
2160,2026-08-22,ตราด,ภาคตะวันออก,ขนมและเบเกอรี่,2,216.49,4.9,ลูกค้าใหม่
2161,2026-01-08,ตราด,ภาคตะวันออก,อาหารพร้อมทาน,4,346.63,3.7,ลูกค้าใหม่
2162,2026-05-19,สตูล,ภาคใต้,อาหารสุขภาพ,5,849.3,3.5,ลูกค้าประจำ
2163,2026-07-23,ชลบุรี,ภาคตะวันออก,เครื่องดื่ม,2,146.19,4.5,ลูกค้าใหม่
2164,2026-07-31,กำแพงเพชร,ภาคกลาง,วัตถุดิบ,4,878.97,3.8,ลูกค้าใหม่
2165,2026-05-25,อุดรธานี,ภาคตะวันออกเฉียงเหนือ,อาหารพร้อมทาน,1,167.42,4.6,ลูกค้าใหม่
2166,2026-05-01,พัทลุง,ภาคใต้,อาหารพร้อมทาน,3,268.64,4.5,ลูกค้าใหม่
2167,2026-09-08,ขอนแก่น,ภาคตะวันออกเฉียงเหนือ,อาหารสุขภาพ,4,459.24,4.7,ลูกค้าใหม่
2168,2026-07-08,พิษณุโลก,ภาคกลาง,ขนมและเบเกอรี่,1,58.62,4.2,ลูกค้าประจำ
2169,2026-07-10,หนองคาย,ภาคตะวันออกเฉียงเหนือ,เครื่องดื่ม,3,156.05,4.6,ลูกค้าใหม่
2170,2026-07-25,ภูเก็ต,ภาคใต้,ขนมและเบเกอรี่,4,424.3,4.1,ลูกค้าประจำ
2171,2026-07-28,เพชรบุรี,ภาคตะวันตก,เครื่องดื่ม,4,275.55,4.0,ลูกค้าประจำ
2172,2026-06-20,ชุมพร,ภาคใต้,อาหารสุขภาพ,3,470.89,4.9,ลูกค้าประจำ
2173,2026-06-25,สงขลา,ภาคใต้,อาหารสุขภาพ,2,294.41,4.3,ลูกค้าใหม่
2174,2026-03-23,อุบลราชธานี,ภาคตะวันออกเฉียงเหนือ,ขนมและเบเกอรี่,5,419.07,4.8,ลูกค้าใหม่
2175,2026-02-27,บึงกาฬ,ภาคตะวันออกเฉียงเหนือ,วัตถุดิบ,1,135.3,5.0,ลูกค้าใหม่
2176,2026-05-11,สุพรรณบุรี,ภาคกลาง,อาหารพร้อมทาน,5,913.43,4.9,ลูกค้าใหม่
2177,2026-06-16,ประจวบคีรีขันธ์,ภาคตะวันตก,ขนมและเบเกอรี่,4,227.27,4.6,ลูกค้าประจำ
2178,2026-07-21,หนองบัวลำภู,ภาคตะวันออกเฉียงเหนือ,วัตถุดิบ,5,800.33,3.8,ลูกค้าประจำ
2179,2026-08-21,ลำปาง,ภาคเหนือ,อาหารพร้อมทาน,2,307.2,3.7,ลูกค้าใหม่
2180,2026-03-15,กรุงเทพมหานคร,ภาคกลาง,อาหารสุขภาพ,1,152.26,4.9,ลูกค้าประจำ
2181,2026-02-19,ปราจีนบุรี,ภาคตะวันออก,วัตถุดิบ,3,514.34,4.9,ลูกค้าใหม่
2182,2026-03-03,กาฬสินธุ์,ภาคตะวันออกเฉียงเหนือ,อาหารพร้อมทาน,1,109.28,3.8,ลูกค้าใหม่
2183,2026-08-05,ชลบุรี,ภาคตะวันออก,ขนมและเบเกอรี่,4,362.86,4.9,ลูกค้าประจำ
2184,2026-07-18,กระบี่,ภาคใต้,อาหารสุขภาพ,3,644.74,4.1,ลูกค้าประจำ
2185,2026-01-22,เลย,ภาคตะวันออกเฉียงเหนือ,อาหารสุขภาพ,5,339.75,4.5,ลูกค้าใหม่
2186,2026-05-11,สระบุรี,ภาคกลาง,ขนมและเบเกอรี่,3,394.26,4.6,ลูกค้าประจำ
2187,2026-06-29,สุรินทร์,ภาคตะวันออกเฉียงเหนือ,อาหารพร้อมทาน,4,262.76,4.9,ลูกค้าประจำ
2188,2026-02-14,กาฬสินธุ์,ภาคตะวันออกเฉียงเหนือ,วัตถุดิบ,1,159.6,4.2,ลูกค้าใหม่
2189,2026-07-14,ชัยภูมิ,ภาคตะวันออกเฉียงเหนือ,เครื่องดื่ม,1,55.12,4.6,ลูกค้าใหม่
2190,2026-08-20,สมุทรสงคราม,ภาคกลาง,อาหารพร้อมทาน,3,412.97,3.8,ลูกค้าประจำ
2191,2026-01-15,เชียงราย,ภาคเหนือ,อาหารพร้อมทาน,2,129.7,4.9,ลูกค้าประจำ
2192,2026-05-21,ชลบุรี,ภาคตะวันออก,อาหารสุขภาพ,2,339.13,4.5,ลูกค้าประจำ
2193,2026-03-02,สุรินทร์,ภาคตะวันออกเฉียงเหนือ,อาหารพร้อมทาน,3,487.97,4.5,ลูกค้าประจำ
2194,2026-01-21,นครสวรรค์,ภาคกลาง,วัตถุดิบ,3,355.97,3.9,ลูกค้าประจำ
2195,2026-04-12,เลย,ภาคตะวันออกเฉียงเหนือ,อาหารพร้อมทาน,2,251.38,4.2,ลูกค้าใหม่
2196,2026-01-23,กรุงเทพมหานคร,ภาคกลาง,วัตถุดิบ,2,285.4,4.0,ลูกค้าใหม่
2197,2026-08-16,มุกดาหาร,ภาคตะวันออกเฉียงเหนือ,อาหารสุขภาพ,4,708.14,4.7,ลูกค้าใหม่
2198,2026-01-13,เชียงราย,ภาคเหนือ,เครื่องดื่ม,2,130.62,4.2,ลูกค้าประจำ
2199,2026-07-08,ศรีสะเกษ,ภาคตะวันออกเฉียงเหนือ,อาหารพร้อมทาน,5,428.21,4.5,ลูกค้าใหม่
2200,2026-08-12,ลำพูน,ภาคเหนือ,วัตถุดิบ,1,201.95,4.3,ลูกค้าประจำ
2201,2026-07-03,ชลบุรี,ภาคตะวันออก,อาหารพร้อมทาน,1,174.13,4.2,ลูกค้าใหม่
2202,2026-02-14,นครนายก,ภาคกลาง,อาหารพร้อมทาน,1,114.27,4.4,ลูกค้าใหม่
2203,2026-05-15,สงขลา,ภาคใต้,อาหารสุขภาพ,3,509.73,4.2,ลูกค้าใหม่
2204,2026-01-21,อุตรดิตถ์,ภาคเหนือ,วัตถุดิบ,1,109.62,3.8,ลูกค้าใหม่
2205,2026-07-10,เพชรบูรณ์,ภาคกลาง,เครื่องดื่ม,4,197.83,3.6,ลูกค้าใหม่
2206,2026-09-29,ตรัง,ภาคใต้,อาหารสุขภาพ,3,483.02,3.5,ลูกค้าใหม่
2207,2026-04-07,พะเยา,ภาคเหนือ,เครื่องดื่ม,4,356.47,4.5,ลูกค้าประจำ
2208,2026-07-18,สมุทรสาคร,ภาคกลาง,เครื่องดื่ม,1,70.78,4.3,ลูกค้าใหม่
2209,2026-02-04,นครปฐม,ภาคกลาง,เครื่องดื่ม,5,299.56,4.2,ลูกค้าใหม่
2210,2026-07-31,อำนาจเจริญ,ภาคตะวันออกเฉียงเหนือ,เครื่องดื่ม,2,110.48,4.8,ลูกค้าประจำ
2211,2026-08-10,ปทุมธานี,ภาคกลาง,ขนมและเบเกอรี่,4,261.21,3.6,ลูกค้าประจำ
2212,2026-07-11,ราชบุรี,ภาคตะวันตก,อาหารพร้อมทาน,2,234.83,4.1,ลูกค้าใหม่
2213,2026-07-28,ตาก,ภาคตะวันตก,วัตถุดิบ,5,988.67,4.5,ลูกค้าใหม่
2214,2026-09-12,ปราจีนบุรี,ภาคตะวันออก,อาหารสุขภาพ,5,709.58,4.7,ลูกค้าประจำ
2215,2026-02-13,อุบลราชธานี,ภาคตะวันออกเฉียงเหนือ,อาหารพร้อมทาน,4,423.59,4.6,ลูกค้าใหม่
2216,2026-05-24,ขอนแก่น,ภาคตะวันออกเฉียงเหนือ,ขนมและเบเกอรี่,3,288.75,4.2,ลูกค้าประจำ
2217,2026-06-07,เพชรบูรณ์,ภาคกลาง,อาหารสุขภาพ,5,712.66,4.8,ลูกค้าประจำ
2218,2026-03-12,สุโขทัย,ภาคกลาง,วัตถุดิบ,4,601.88,4.2,ลูกค้าใหม่
2219,2026-02-02,สระแก้ว,ภาคตะวันออก,ขนมและเบเกอรี่,5,651.91,3.9,ลูกค้าประจำ
2220,2026-04-27,พัทลุง,ภาคใต้,ขนมและเบเกอรี่,5,401.1,4.0,ลูกค้าประจำ
2221,2026-06-06,ปราจีนบุรี,ภาคตะวันออก,อาหารสุขภาพ,2,291.33,3.8,ลูกค้าประจำ
2222,2026-08-06,สุพรรณบุรี,ภาคกลาง,วัตถุดิบ,3,452.58,4.5,ลูกค้าใหม่
2223,2026-07-05,นครนายก,ภาคกลาง,ขนมและเบเกอรี่,2,191.55,4.6,ลูกค้าประจำ
2224,2026-03-30,บึงกาฬ,ภาคตะวันออกเฉียงเหนือ,วัตถุดิบ,5,773.3,3.7,ลูกค้าประจำ
2225,2026-06-22,ปัตตานี,ภาคใต้,เครื่องดื่ม,5,231.4,3.8,ลูกค้าประจำ
2226,2026-05-19,ร้อยเอ็ด,ภาคตะวันออกเฉียงเหนือ,เครื่องดื่ม,4,328.59,4.9,ลูกค้าประจำ
2227,2026-02-06,สุรินทร์,ภาคตะวันออกเฉียงเหนือ,ขนมและเบเกอรี่,2,257.43,3.9,ลูกค้าประจำ
2228,2026-04-07,หนองบัวลำภู,ภาคตะวันออกเฉียงเหนือ,วัตถุดิบ,1,152.98,4.7,ลูกค้าประจำ
2229,2026-05-22,สระบุรี,ภาคกลาง,วัตถุดิบ,5,432.03,4.3,ลูกค้าประจำ
2230,2026-09-08,น่าน,ภาคเหนือ,ขนมและเบเกอรี่,1,112.98,4.4,ลูกค้าประจำ
2231,2026-03-13,ศรีสะเกษ,ภาคตะวันออกเฉียงเหนือ,วัตถุดิบ,3,447.57,3.8,ลูกค้าประจำ
2232,2026-02-25,จันทบุรี,ภาคตะวันออก,อาหารพร้อมทาน,1,143.72,4.3,ลูกค้าประจำ
2233,2026-01-21,ตาก,ภาคตะวันตก,อาหารพร้อมทาน,4,243.59,4.8,ลูกค้าใหม่
2234,2026-05-22,กระบี่,ภาคใต้,อาหารพร้อมทาน,3,396.3,3.9,ลูกค้าใหม่
2235,2026-05-17,ประจวบคีรีขันธ์,ภาคตะวันตก,เครื่องดื่ม,5,203.93,4.9,ลูกค้าประจำ
2236,2026-06-12,ปราจีนบุรี,ภาคตะวันออก,เครื่องดื่ม,1,69.19,4.6,ลูกค้าใหม่
2237,2026-01-09,ระยอง,ภาคตะวันออก,เครื่องดื่ม,5,293.54,4.9,ลูกค้าใหม่
2238,2026-03-05,อุดรธานี,ภาคตะวันออกเฉียงเหนือ,อาหารสุขภาพ,3,347.25,3.6,ลูกค้าประจำ
2239,2026-03-26,ปทุมธานี,ภาคกลาง,เครื่องดื่ม,4,210.19,4.8,ลูกค้าใหม่
2240,2026-06-07,พิจิตร,ภาคกลาง,อาหารพร้อมทาน,1,140.59,4.2,ลูกค้าประจำ
2241,2026-02-11,สงขลา,ภาคใต้,เครื่องดื่ม,2,133.44,4.1,ลูกค้าประจำ
2242,2026-07-14,สกลนคร,ภาคตะวันออกเฉียงเหนือ,เครื่องดื่ม,4,268.19,3.5,ลูกค้าประจำ
2243,2026-06-25,บึงกาฬ,ภาคตะวันออกเฉียงเหนือ,วัตถุดิบ,4,968.18,4.0,ลูกค้าประจำ
2244,2026-04-16,สิงห์บุรี,ภาคกลาง,อาหารสุขภาพ,4,370.24,4.1,ลูกค้าใหม่
2245,2026-04-17,อุบลราชธานี,ภาคตะวันออกเฉียงเหนือ,วัตถุดิบ,2,480.27,3.8,ลูกค้าประจำ
2246,2026-05-29,ลพบุรี,ภาคกลาง,ขนมและเบเกอรี่,2,165.71,4.8,ลูกค้าประจำ
2247,2026-05-05,อุบลราชธานี,ภาคตะวันออกเฉียงเหนือ,วัตถุดิบ,1,118.62,4.5,ลูกค้าใหม่
2248,2026-06-26,สงขลา,ภาคใต้,อาหารพร้อมทาน,4,288.33,4.0,ลูกค้าใหม่
2249,2026-02-15,สระแก้ว,ภาคตะวันออก,วัตถุดิบ,4,651.66,4.2,ลูกค้าประจำ
2250,2026-09-03,ประจวบคีรีขันธ์,ภาคตะวันตก,ขนมและเบเกอรี่,3,350.67,3.7,ลูกค้าใหม่
2251,2026-04-11,อุตรดิตถ์,ภาคเหนือ,อาหารสุขภาพ,5,697.04,4.8,ลูกค้าประจำ
2252,2026-03-23,ยะลา,ภาคใต้,อาหารพร้อมทาน,2,330.67,3.6,ลูกค้าใหม่
2253,2026-08-20,พระนครศรีอยุธยา,ภาคกลาง,อาหารพร้อมทาน,5,382.32,3.7,ลูกค้าใหม่
2254,2026-07-29,ศรีสะเกษ,ภาคตะวันออกเฉียงเหนือ,ขนมและเบเกอรี่,2,189.43,4.0,ลูกค้าใหม่
2255,2026-04-01,ประจวบคีรีขันธ์,ภาคตะวันตก,อาหารพร้อมทาน,5,412.14,3.9,ลูกค้าประจำ
2256,2026-04-11,เลย,ภาคตะวันออกเฉียงเหนือ,เครื่องดื่ม,2,141.82,4.4,ลูกค้าใหม่
2257,2026-03-05,ชลบุรี,ภาคตะวันออก,อาหารพร้อมทาน,3,439.82,4.7,ลูกค้าประจำ
2258,2026-05-06,นครสวรรค์,ภาคกลาง,เครื่องดื่ม,5,290.81,4.7,ลูกค้าประจำ
2259,2026-09-14,นครศรีธรรมราช,ภาคใต้,ขนมและเบเกอรี่,5,165.75,4.3,ลูกค้าใหม่
2260,2026-08-29,ราชบุรี,ภาคตะวันตก,เครื่องดื่ม,2,136.47,3.7,ลูกค้าใหม่
2261,2026-05-23,ปราจีนบุรี,ภาคตะวันออก,อาหารสุขภาพ,3,479.17,4.2,ลูกค้าประจำ
2262,2026-01-22,นครสวรรค์,ภาคกลาง,อาหารพร้อมทาน,2,264.26,3.6,ลูกค้าประจำ
2263,2026-09-28,นครนายก,ภาคกลาง,อาหารพร้อมทาน,3,447.66,4.7,ลูกค้าประจำ
2264,2026-08-27,หนองบัวลำภู,ภาคตะวันออกเฉียงเหนือ,อาหารสุขภาพ,4,421.77,4.9,ลูกค้าประจำ
2265,2026-07-28,อุดรธานี,ภาคตะวันออกเฉียงเหนือ,วัตถุดิบ,3,568.65,3.8,ลูกค้าประจำ
2266,2026-07-08,ตาก,ภาคตะวันตก,อาหารพร้อมทาน,2,311.55,4.8,ลูกค้าใหม่
2267,2026-07-11,ลำปาง,ภาคเหนือ,วัตถุดิบ,4,399.85,3.5,ลูกค้าประจำ
2268,2026-03-17,น่าน,ภาคเหนือ,อาหารพร้อมทาน,2,246.22,4.2,ลูกค้าใหม่
2269,2026-01-09,เพชรบูรณ์,ภาคกลาง,วัตถุดิบ,2,314.62,4.9,ลูกค้าประจำ
2270,2026-08-27,พระนครศรีอยุธยา,ภาคกลาง,วัตถุดิบ,4,670.06,4.1,ลูกค้าใหม่
2271,2026-05-06,สมุทรปราการ,ภาคกลาง,เครื่องดื่ม,4,282.6,4.9,ลูกค้าใหม่
2272,2026-08-27,เพชรบุรี,ภาคตะวันตก,ขนมและเบเกอรี่,1,83.43,4.9,ลูกค้าประจำ
2273,2026-09-20,ชัยนาท,ภาคกลาง,อาหารสุขภาพ,3,398.92,4.3,ลูกค้าใหม่
2274,2026-04-10,สมุทรสาคร,ภาคกลาง,อาหารพร้อมทาน,3,363.07,4.0,ลูกค้าใหม่
2275,2026-05-19,กระบี่,ภาคใต้,อาหารพร้อมทาน,2,148.55,3.6,ลูกค้าใหม่
2276,2026-07-26,สุพรรณบุรี,ภาคกลาง,ขนมและเบเกอรี่,1,65.75,4.0,ลูกค้าประจำ
2277,2026-07-08,แม่ฮ่องสอน,ภาคเหนือ,อาหารสุขภาพ,3,561.52,3.6,ลูกค้าใหม่
2278,2026-01-19,สกลนคร,ภาคตะวันออกเฉียงเหนือ,วัตถุดิบ,4,461.9,4.5,ลูกค้าใหม่
2279,2026-08-14,นครพนม,ภาคตะวันออกเฉียงเหนือ,วัตถุดิบ,3,535.46,4.6,ลูกค้าประจำ
2280,2026-07-16,นครปฐม,ภาคกลาง,เครื่องดื่ม,2,145.03,3.9,ลูกค้าใหม่
2281,2026-03-10,ขอนแก่น,ภาคตะวันออกเฉียงเหนือ,อาหารพร้อมทาน,3,204.68,3.8,ลูกค้าใหม่
2282,2026-05-11,ลำพูน,ภาคเหนือ,เครื่องดื่ม,4,194.36,5.0,ลูกค้าใหม่
2283,2026-05-16,กรุงเทพมหานคร,ภาคกลาง,อาหารพร้อมทาน,2,311.65,4.6,ลูกค้าใหม่
2284,2026-09-10,ปทุมธานี,ภาคกลาง,วัตถุดิบ,2,230.94,3.7,ลูกค้าประจำ
2285,2026-05-13,มุกดาหาร,ภาคตะวันออกเฉียงเหนือ,อาหารสุขภาพ,3,403.06,4.4,ลูกค้าประจำ
2286,2026-09-24,ภูเก็ต,ภาคใต้,อาหารสุขภาพ,2,303.42,4.5,ลูกค้าใหม่
2287,2026-05-20,ปทุมธานี,ภาคกลาง,อาหารพร้อมทาน,4,545.31,4.0,ลูกค้าประจำ
2288,2026-06-03,สระบุรี,ภาคกลาง,วัตถุดิบ,1,151.81,4.7,ลูกค้าประจำ
2289,2026-04-23,เชียงใหม่,ภาคเหนือ,เครื่องดื่ม,5,276.45,4.8,ลูกค้าใหม่
2290,2026-09-16,สมุทรปราการ,ภาคกลาง,เครื่องดื่ม,1,74.9,4.0,ลูกค้าประจำ
2291,2026-02-11,ลำพูน,ภาคเหนือ,อาหารสุขภาพ,3,688.67,3.9,ลูกค้าประจำ
2292,2026-07-27,ชลบุรี,ภาคตะวันออก,ขนมและเบเกอรี่,1,112.34,4.7,ลูกค้าใหม่
2293,2026-07-09,ลำพูน,ภาคเหนือ,วัตถุดิบ,1,183.84,3.7,ลูกค้าใหม่
2294,2026-04-20,สระแก้ว,ภาคตะวันออก,วัตถุดิบ,4,517.06,4.1,ลูกค้าใหม่
2295,2026-06-22,พิษณุโลก,ภาคกลาง,เครื่องดื่ม,5,257.53,3.7,ลูกค้าประจำ
2296,2026-02-12,อุทัยธานี,ภาคกลาง,วัตถุดิบ,1,203.51,3.6,ลูกค้าใหม่
2297,2026-02-17,นครพนม,ภาคตะวันออกเฉียงเหนือ,อาหารสุขภาพ,4,671.6,4.9,ลูกค้าใหม่
2298,2026-01-17,จันทบุรี,ภาคตะวันออก,อาหารพร้อมทาน,4,648.19,3.7,ลูกค้าประจำ
2299,2026-03-26,ยโสธร,ภาคตะวันออกเฉียงเหนือ,อาหารสุขภาพ,1,186.02,4.8,ลูกค้าประจำ
2300,2026-01-21,เชียงราย,ภาคเหนือ,อาหารพร้อมทาน,5,374.54,4.4,ลูกค้าใหม่
2301,2026-05-17,นครศรีธรรมราช,ภาคใต้,วัตถุดิบ,4,909.35,4.4,ลูกค้าใหม่
2302,2026-05-14,พิษณุโลก,ภาคกลาง,เครื่องดื่ม,1,46.34,3.7,ลูกค้าใหม่
2303,2026-05-26,สระบุรี,ภาคกลาง,อาหารสุขภาพ,2,245.89,3.5,ลูกค้าประจำ
2304,2026-09-18,นครราชสีมา,ภาคตะวันออกเฉียงเหนือ,วัตถุดิบ,4,765.04,4.0,ลูกค้าประจำ
2305,2026-06-17,ลำพูน,ภาคเหนือ,เครื่องดื่ม,3,248.45,3.8,ลูกค้าประจำ
2306,2026-01-31,นครพนม,ภาคตะวันออกเฉียงเหนือ,เครื่องดื่ม,1,115.54,4.4,ลูกค้าใหม่
2307,2026-03-18,นครปฐม,ภาคกลาง,อาหารพร้อมทาน,4,552.81,4.6,ลูกค้าประจำ
2308,2026-09-04,มหาสารคาม,ภาคตะวันออกเฉียงเหนือ,ขนมและเบเกอรี่,5,453.25,4.2,ลูกค้าใหม่
2309,2026-04-18,หนองบัวลำภู,ภาคตะวันออกเฉียงเหนือ,อาหารสุขภาพ,3,462.52,4.8,ลูกค้าใหม่
2310,2026-06-26,ยะลา,ภาคใต้,เครื่องดื่ม,4,317.7,3.6,ลูกค้าใหม่
2311,2026-08-26,พระนครศรีอยุธยา,ภาคกลาง,วัตถุดิบ,2,314.58,4.5,ลูกค้าประจำ
2312,2026-08-05,ภูเก็ต,ภาคใต้,วัตถุดิบ,2,521.57,4.5,ลูกค้าใหม่
2313,2026-02-17,กรุงเทพมหานคร,ภาคกลาง,เครื่องดื่ม,3,195.91,4.2,ลูกค้าประจำ
2314,2026-09-20,นครปฐม,ภาคกลาง,อาหารพร้อมทาน,2,269.86,4.4,ลูกค้าประจำ
2315,2026-01-05,น่าน,ภาคเหนือ,เครื่องดื่ม,4,303.29,4.4,ลูกค้าประจำ
2316,2026-09-05,ร้อยเอ็ด,ภาคตะวันออกเฉียงเหนือ,ขนมและเบเกอรี่,1,105.01,4.7,ลูกค้าใหม่
2317,2026-09-16,บุรีรัมย์,ภาคตะวันออกเฉียงเหนือ,เครื่องดื่ม,3,200.51,3.9,ลูกค้าประจำ
2318,2026-04-11,สุราษฎร์ธานี,ภาคใต้,อาหารสุขภาพ,5,608.89,4.2,ลูกค้าใหม่
2319,2026-08-22,สตูล,ภาคใต้,อาหารสุขภาพ,5,688.34,3.6,ลูกค้าประจำ
2320,2026-02-02,กาญจนบุรี,ภาคตะวันตก,วัตถุดิบ,5,554.6,4.2,ลูกค้าประจำ
2321,2026-06-11,สมุทรปราการ,ภาคกลาง,อาหารสุขภาพ,5,887.9,4.8,ลูกค้าใหม่
2322,2026-01-20,สงขลา,ภาคใต้,ขนมและเบเกอรี่,3,289.42,4.7,ลูกค้าประจำ
2323,2026-04-28,ราชบุรี,ภาคตะวันตก,ขนมและเบเกอรี่,1,95.28,3.6,ลูกค้าประจำ
2324,2026-01-25,ปราจีนบุรี,ภาคตะวันออก,วัตถุดิบ,1,242.58,4.9,ลูกค้าประจำ
2325,2026-09-14,สุรินทร์,ภาคตะวันออกเฉียงเหนือ,อาหารสุขภาพ,4,639.1,4.8,ลูกค้าประจำ
2326,2026-04-20,อุบลราชธานี,ภาคตะวันออกเฉียงเหนือ,อาหารพร้อมทาน,4,504.22,4.3,ลูกค้าประจำ
2327,2026-06-18,ตรัง,ภาคใต้,เครื่องดื่ม,4,170.14,3.8,ลูกค้าใหม่
2328,2026-05-06,กระบี่,ภาคใต้,วัตถุดิบ,1,162.58,4.9,ลูกค้าใหม่
2329,2026-05-30,เชียงราย,ภาคเหนือ,เครื่องดื่ม,3,228.91,4.5,ลูกค้าประจำ
2330,2026-03-25,นครราชสีมา,ภาคตะวันออกเฉียงเหนือ,วัตถุดิบ,2,370.96,4.0,ลูกค้าประจำ
2331,2026-02-05,แพร่,ภาคเหนือ,อาหารสุขภาพ,5,630.03,3.6,ลูกค้าใหม่
2332,2026-05-19,ตราด,ภาคตะวันออก,อาหารพร้อมทาน,2,235.7,4.9,ลูกค้าใหม่
2333,2026-08-27,สงขลา,ภาคใต้,ขนมและเบเกอรี่,1,53.06,4.3,ลูกค้าประจำ
2334,2026-06-30,พิจิตร,ภาคกลาง,อาหารพร้อมทาน,3,327.87,3.8,ลูกค้าใหม่
2335,2026-02-14,หนองคาย,ภาคตะวันออกเฉียงเหนือ,ขนมและเบเกอรี่,1,104.53,5.0,ลูกค้าใหม่
2336,2026-04-10,นครปฐม,ภาคกลาง,ขนมและเบเกอรี่,2,195.59,4.2,ลูกค้าประจำ
2337,2026-02-23,กาฬสินธุ์,ภาคตะวันออกเฉียงเหนือ,ขนมและเบเกอรี่,4,406.19,4.7,ลูกค้าประจำ
2338,2026-09-05,บุรีรัมย์,ภาคตะวันออกเฉียงเหนือ,เครื่องดื่ม,2,118.46,4.7,ลูกค้าใหม่
2339,2026-07-18,ประจวบคีรีขันธ์,ภาคตะวันตก,วัตถุดิบ,5,856.51,4.0,ลูกค้าประจำ
2340,2026-04-07,น่าน,ภาคเหนือ,อาหารพร้อมทาน,1,95.18,3.5,ลูกค้าประจำ
2341,2026-01-04,กาญจนบุรี,ภาคตะวันตก,ขนมและเบเกอรี่,3,318.05,5.0,ลูกค้าประจำ
2342,2026-09-24,ชัยภูมิ,ภาคตะวันออกเฉียงเหนือ,เครื่องดื่ม,1,64.66,4.3,ลูกค้าใหม่
2343,2026-06-24,อุทัยธานี,ภาคกลาง,เครื่องดื่ม,4,277.38,3.7,ลูกค้าใหม่
2344,2026-08-06,พะเยา,ภาคเหนือ,เครื่องดื่ม,3,152.42,3.9,ลูกค้าใหม่
2345,2026-05-13,ฉะเชิงเทรา,ภาคตะวันออก,ขนมและเบเกอรี่,2,74.56,4.7,ลูกค้าใหม่
2346,2026-09-29,พิจิตร,ภาคกลาง,ขนมและเบเกอรี่,4,484.23,4.0,ลูกค้าประจำ
2347,2026-01-14,แพร่,ภาคเหนือ,ขนมและเบเกอรี่,4,334.51,5.0,ลูกค้าประจำ
2348,2026-02-21,นนทบุรี,ภาคกลาง,อาหารพร้อมทาน,2,169.41,4.0,ลูกค้าใหม่
2349,2026-04-04,พังงา,ภาคใต้,ขนมและเบเกอรี่,3,334.41,4.4,ลูกค้าใหม่
2350,2026-02-10,ประจวบคีรีขันธ์,ภาคตะวันตก,อาหารพร้อมทาน,3,324.72,4.7,ลูกค้าประจำ
2351,2026-01-21,หนองบัวลำภู,ภาคตะวันออกเฉียงเหนือ,ขนมและเบเกอรี่,1,114.16,4.0,ลูกค้าประจำ
2352,2026-01-27,ชุมพร,ภาคใต้,ขนมและเบเกอรี่,3,279.62,3.7,ลูกค้าใหม่
2353,2026-01-22,อุทัยธานี,ภาคกลาง,อาหารพร้อมทาน,1,133.48,4.2,ลูกค้าประจำ
2354,2026-03-23,ลพบุรี,ภาคกลาง,อาหารสุขภาพ,1,105.36,4.4,ลูกค้าใหม่
2355,2026-02-23,ชัยภูมิ,ภาคตะวันออกเฉียงเหนือ,ขนมและเบเกอรี่,2,247.57,4.4,ลูกค้าใหม่
2356,2026-09-18,สมุทรสงคราม,ภาคกลาง,เครื่องดื่ม,2,138.49,3.9,ลูกค้าประจำ
2357,2026-04-07,กรุงเทพมหานคร,ภาคกลาง,อาหารสุขภาพ,3,392.12,4.2,ลูกค้าใหม่
2358,2026-07-18,ฉะเชิงเทรา,ภาคตะวันออก,วัตถุดิบ,2,335.61,3.8,ลูกค้าประจำ
2359,2026-07-30,แม่ฮ่องสอน,ภาคเหนือ,เครื่องดื่ม,4,130.09,4.9,ลูกค้าประจำ
2360,2026-08-04,พัทลุง,ภาคใต้,เครื่องดื่ม,5,358.2,3.9,ลูกค้าประจำ
2361,2026-04-08,กรุงเทพมหานคร,ภาคกลาง,อาหารพร้อมทาน,4,320.83,4.6,ลูกค้าใหม่
2362,2026-05-08,อุดรธานี,ภาคตะวันออกเฉียงเหนือ,เครื่องดื่ม,5,215.1,3.7,ลูกค้าใหม่
2363,2026-02-06,ประจวบคีรีขันธ์,ภาคตะวันตก,เครื่องดื่ม,1,34.22,4.5,ลูกค้าใหม่
2364,2026-01-02,บุรีรัมย์,ภาคตะวันออกเฉียงเหนือ,ขนมและเบเกอรี่,1,109.28,4.5,ลูกค้าใหม่
2365,2026-04-16,กระบี่,ภาคใต้,วัตถุดิบ,1,151.68,4.2,ลูกค้าใหม่
2366,2026-07-13,ตราด,ภาคตะวันออก,ขนมและเบเกอรี่,3,374.56,4.5,ลูกค้าประจำ
2367,2026-07-19,สกลนคร,ภาคตะวันออกเฉียงเหนือ,เครื่องดื่ม,2,112.59,4.0,ลูกค้าใหม่
2368,2026-01-26,สระแก้ว,ภาคตะวันออก,วัตถุดิบ,3,294.03,3.9,ลูกค้าประจำ
2369,2026-08-23,สมุทรปราการ,ภาคกลาง,เครื่องดื่ม,1,46.86,4.3,ลูกค้าใหม่
2370,2026-05-26,ลำปาง,ภาคเหนือ,อาหารพร้อมทาน,3,471.22,3.9,ลูกค้าประจำ
2371,2026-08-21,กระบี่,ภาคใต้,วัตถุดิบ,5,864.92,4.0,ลูกค้าใหม่
2372,2026-07-19,สงขลา,ภาคใต้,เครื่องดื่ม,3,159.86,3.9,ลูกค้าประจำ
2373,2026-05-01,ปทุมธานี,ภาคกลาง,วัตถุดิบ,2,374.4,4.5,ลูกค้าประจำ
2374,2026-03-16,ปทุมธานี,ภาคกลาง,อาหารสุขภาพ,5,765.3,3.7,ลูกค้าประจำ
2375,2026-09-22,สุพรรณบุรี,ภาคกลาง,ขนมและเบเกอรี่,1,121.54,4.7,ลูกค้าประจำ
2376,2026-05-04,กาญจนบุรี,ภาคตะวันตก,อาหารพร้อมทาน,5,817.27,4.8,ลูกค้าประจำ
2377,2026-09-29,ปัตตานี,ภาคใต้,อาหารสุขภาพ,5,655.24,4.9,ลูกค้าประจำ
2378,2026-06-17,สุราษฎร์ธานี,ภาคใต้,อาหารพร้อมทาน,2,160.44,4.7,ลูกค้าประจำ
2379,2026-04-10,อำนาจเจริญ,ภาคตะวันออกเฉียงเหนือ,ขนมและเบเกอรี่,1,80.92,3.8,ลูกค้าประจำ
2380,2026-04-13,เลย,ภาคตะวันออกเฉียงเหนือ,ขนมและเบเกอรี่,3,273.19,4.4,ลูกค้าประจำ
2381,2026-04-11,เชียงราย,ภาคเหนือ,วัตถุดิบ,4,491.87,4.8,ลูกค้าประจำ
2382,2026-05-04,ขอนแก่น,ภาคตะวันออกเฉียงเหนือ,ขนมและเบเกอรี่,3,205.96,4.3,ลูกค้าประจำ
2383,2026-02-09,ประจวบคีรีขันธ์,ภาคตะวันตก,วัตถุดิบ,5,977.35,3.7,ลูกค้าใหม่
2384,2026-08-28,ประจวบคีรีขันธ์,ภาคตะวันตก,วัตถุดิบ,1,177.81,4.1,ลูกค้าใหม่
2385,2026-03-11,เชียงใหม่,ภาคเหนือ,อาหารสุขภาพ,4,548.46,3.8,ลูกค้าใหม่
2386,2026-05-12,บุรีรัมย์,ภาคตะวันออกเฉียงเหนือ,ขนมและเบเกอรี่,1,76.99,3.5,ลูกค้าประจำ
2387,2026-04-18,ตราด,ภาคตะวันออก,ขนมและเบเกอรี่,5,425.26,3.6,ลูกค้าใหม่
2388,2026-05-04,ตราด,ภาคตะวันออก,อาหารพร้อมทาน,3,249.14,3.6,ลูกค้าประจำ
2389,2026-04-21,หนองคาย,ภาคตะวันออกเฉียงเหนือ,เครื่องดื่ม,1,75.49,4.7,ลูกค้าประจำ
2390,2026-04-28,เชียงราย,ภาคเหนือ,อาหารพร้อมทาน,5,679.76,4.9,ลูกค้าประจำ
2391,2026-08-20,กรุงเทพมหานคร,ภาคกลาง,วัตถุดิบ,3,290.76,4.3,ลูกค้าใหม่
2392,2026-05-21,กาฬสินธุ์,ภาคตะวันออกเฉียงเหนือ,อาหารพร้อมทาน,5,460.57,3.8,ลูกค้าใหม่
2393,2026-04-18,ประจวบคีรีขันธ์,ภาคตะวันตก,อาหารพร้อมทาน,2,150.21,3.8,ลูกค้าประจำ
2394,2026-03-10,สตูล,ภาคใต้,อาหารพร้อมทาน,4,402.0,3.5,ลูกค้าใหม่
2395,2026-02-02,ยะลา,ภาคใต้,ขนมและเบเกอรี่,4,372.07,4.8,ลูกค้าใหม่
2396,2026-07-11,สมุทรสงคราม,ภาคกลาง,วัตถุดิบ,1,114.77,3.6,ลูกค้าใหม่
2397,2026-04-19,ลำพูน,ภาคเหนือ,อาหารพร้อมทาน,1,92.34,3.6,ลูกค้าประจำ
2398,2026-03-27,เชียงใหม่,ภาคเหนือ,วัตถุดิบ,2,229.2,3.9,ลูกค้าประจำ
2399,2026-04-21,สงขลา,ภาคใต้,เครื่องดื่ม,5,307.66,4.9,ลูกค้าประจำ
2400,2026-06-11,นครสวรรค์,ภาคกลาง,อาหารสุขภาพ,4,651.1,3.9,ลูกค้าใหม่
2401,2026-07-12,กาญจนบุรี,ภาคตะวันตก,เครื่องดื่ม,4,213.09,4.7,ลูกค้าประจำ
2402,2026-03-06,ชุมพร,ภาคใต้,อาหารสุขภาพ,1,142.01,4.9,ลูกค้าใหม่
2403,2026-07-22,สุรินทร์,ภาคตะวันออกเฉียงเหนือ,อาหารพร้อมทาน,5,492.1,4.9,ลูกค้าใหม่
2404,2026-04-29,จันทบุรี,ภาคตะวันออก,อาหารสุขภาพ,2,268.44,4.7,ลูกค้าใหม่
2405,2026-02-07,จันทบุรี,ภาคตะวันออก,อาหารสุขภาพ,5,1021.22,3.9,ลูกค้าใหม่
2406,2026-05-13,มุกดาหาร,ภาคตะวันออกเฉียงเหนือ,อาหารสุขภาพ,5,1068.09,3.9,ลูกค้าใหม่
2407,2026-04-16,นครสวรรค์,ภาคกลาง,อาหารพร้อมทาน,4,307.85,3.7,ลูกค้าใหม่
2408,2026-08-15,ชุมพร,ภาคใต้,อาหารสุขภาพ,2,347.74,3.6,ลูกค้าใหม่
2409,2026-05-22,ภูเก็ต,ภาคใต้,วัตถุดิบ,2,368.07,5.0,ลูกค้าประจำ
2410,2026-01-13,กาฬสินธุ์,ภาคตะวันออกเฉียงเหนือ,อาหารพร้อมทาน,1,85.55,4.8,ลูกค้าใหม่
2411,2026-02-11,ชัยภูมิ,ภาคตะวันออกเฉียงเหนือ,ขนมและเบเกอรี่,2,194.56,3.6,ลูกค้าใหม่
2412,2026-07-10,สมุทรสาคร,ภาคกลาง,อาหารพร้อมทาน,4,598.1,3.6,ลูกค้าใหม่
2413,2026-02-28,นครพนม,ภาคตะวันออกเฉียงเหนือ,ขนมและเบเกอรี่,3,194.77,4.7,ลูกค้าประจำ
2414,2026-03-17,เพชรบุรี,ภาคตะวันตก,ขนมและเบเกอรี่,2,146.42,4.4,ลูกค้าประจำ
2415,2026-03-19,พิษณุโลก,ภาคกลาง,วัตถุดิบ,5,1128.97,3.8,ลูกค้าประจำ
2416,2026-07-14,สิงห์บุรี,ภาคกลาง,อาหารสุขภาพ,1,170.86,4.2,ลูกค้าประจำ
2417,2026-01-26,สมุทรปราการ,ภาคกลาง,อาหารพร้อมทาน,1,122.89,3.5,ลูกค้าประจำ
2418,2026-06-24,ปัตตานี,ภาคใต้,วัตถุดิบ,3,498.08,3.6,ลูกค้าประจำ
2419,2026-03-04,สุราษฎร์ธานี,ภาคใต้,เครื่องดื่ม,4,271.13,3.9,ลูกค้าใหม่
2420,2026-07-09,พัทลุง,ภาคใต้,อาหารสุขภาพ,2,213.88,4.5,ลูกค้าประจำ
2421,2026-01-22,แพร่,ภาคเหนือ,เครื่องดื่ม,5,389.59,4.3,ลูกค้าใหม่
2422,2026-05-04,สมุทรสงคราม,ภาคกลาง,อาหารพร้อมทาน,4,620.35,4.1,ลูกค้าประจำ
2423,2026-09-27,ยโสธร,ภาคตะวันออกเฉียงเหนือ,อาหารพร้อมทาน,5,480.75,3.8,ลูกค้าใหม่
2424,2026-07-20,ฉะเชิงเทรา,ภาคตะวันออก,ขนมและเบเกอรี่,1,93.97,3.9,ลูกค้าใหม่
2425,2026-05-13,อ่างทอง,ภาคกลาง,อาหารสุขภาพ,1,98.76,4.9,ลูกค้าใหม่
2426,2026-09-22,หนองบัวลำภู,ภาคตะวันออกเฉียงเหนือ,วัตถุดิบ,4,812.57,3.8,ลูกค้าใหม่
2427,2026-05-05,สุราษฎร์ธานี,ภาคใต้,อาหารพร้อมทาน,4,548.65,3.7,ลูกค้าใหม่
2428,2026-06-01,นครปฐม,ภาคกลาง,วัตถุดิบ,5,753.11,4.6,ลูกค้าประจำ
2429,2026-05-05,ลำปาง,ภาคเหนือ,ขนมและเบเกอรี่,2,243.41,4.8,ลูกค้าใหม่
2430,2026-02-23,ร้อยเอ็ด,ภาคตะวันออกเฉียงเหนือ,อาหารสุขภาพ,4,586.55,4.0,ลูกค้าประจำ
2431,2026-05-30,ชัยภูมิ,ภาคตะวันออกเฉียงเหนือ,วัตถุดิบ,1,195.14,4.9,ลูกค้าประจำ
2432,2026-01-22,นครราชสีมา,ภาคตะวันออกเฉียงเหนือ,ขนมและเบเกอรี่,3,212.35,3.8,ลูกค้าใหม่
2433,2026-04-06,ร้อยเอ็ด,ภาคตะวันออกเฉียงเหนือ,ขนมและเบเกอรี่,5,401.37,3.9,ลูกค้าใหม่
2434,2026-07-30,ชัยภูมิ,ภาคตะวันออกเฉียงเหนือ,วัตถุดิบ,4,688.62,4.7,ลูกค้าประจำ
2435,2026-01-12,สุโขทัย,ภาคกลาง,อาหารสุขภาพ,5,760.56,4.7,ลูกค้าใหม่
2436,2026-09-14,ร้อยเอ็ด,ภาคตะวันออกเฉียงเหนือ,เครื่องดื่ม,5,250.73,4.3,ลูกค้าประจำ
2437,2026-02-01,มหาสารคาม,ภาคตะวันออกเฉียงเหนือ,เครื่องดื่ม,4,226.31,4.5,ลูกค้าประจำ
2438,2026-05-03,กำแพงเพชร,ภาคกลาง,ขนมและเบเกอรี่,1,114.62,3.8,ลูกค้าใหม่
2439,2026-05-12,บึงกาฬ,ภาคตะวันออกเฉียงเหนือ,ขนมและเบเกอรี่,2,152.33,4.4,ลูกค้าใหม่
2440,2026-02-16,ราชบุรี,ภาคตะวันตก,เครื่องดื่ม,2,77.79,3.6,ลูกค้าประจำ
2441,2026-01-25,สุราษฎร์ธานี,ภาคใต้,วัตถุดิบ,1,232.86,4.4,ลูกค้าใหม่
2442,2026-04-12,ปราจีนบุรี,ภาคตะวันออก,อาหารสุขภาพ,1,182.97,4.2,ลูกค้าใหม่
2443,2026-07-28,ลพบุรี,ภาคกลาง,ขนมและเบเกอรี่,2,128.62,4.8,ลูกค้าใหม่
2444,2026-06-17,ชัยภูมิ,ภาคตะวันออกเฉียงเหนือ,อาหารสุขภาพ,5,891.04,5.0,ลูกค้าใหม่
2445,2026-09-26,สมุทรปราการ,ภาคกลาง,อาหารสุขภาพ,4,503.57,4.8,ลูกค้าใหม่
2446,2026-02-24,นนทบุรี,ภาคกลาง,เครื่องดื่ม,1,69.28,4.0,ลูกค้าประจำ
2447,2026-09-26,ตรัง,ภาคใต้,อาหารสุขภาพ,2,309.18,4.9,ลูกค้าใหม่
2448,2026-09-12,ระนอง,ภาคใต้,ขนมและเบเกอรี่,4,304.07,3.9,ลูกค้าประจำ
2449,2026-04-20,อุบลราชธานี,ภาคตะวันออกเฉียงเหนือ,อาหารพร้อมทาน,4,385.95,4.1,ลูกค้าประจำ
2450,2026-02-06,นครนายก,ภาคกลาง,อาหารพร้อมทาน,1,99.28,4.7,ลูกค้าประจำ
2451,2026-04-29,เชียงใหม่,ภาคเหนือ,อาหารสุขภาพ,3,370.06,4.1,ลูกค้าประจำ
2452,2026-07-28,มุกดาหาร,ภาคตะวันออกเฉียงเหนือ,อาหารพร้อมทาน,5,475.23,3.8,ลูกค้าใหม่
2453,2026-03-17,บุรีรัมย์,ภาคตะวันออกเฉียงเหนือ,อาหารสุขภาพ,5,707.91,3.6,ลูกค้าประจำ
2454,2026-02-09,พิจิตร,ภาคกลาง,ขนมและเบเกอรี่,3,222.3,3.6,ลูกค้าใหม่
2455,2026-07-28,เพชรบุรี,ภาคตะวันตก,เครื่องดื่ม,5,342.38,4.9,ลูกค้าใหม่
2456,2026-09-10,ยะลา,ภาคใต้,อาหารพร้อมทาน,3,493.85,4.9,ลูกค้าประจำ
2457,2026-02-19,ศรีสะเกษ,ภาคตะวันออกเฉียงเหนือ,อาหารพร้อมทาน,5,436.04,3.7,ลูกค้าใหม่
2458,2026-01-29,เลย,ภาคตะวันออกเฉียงเหนือ,อาหารพร้อมทาน,1,127.18,4.3,ลูกค้าใหม่
2459,2026-02-15,ยะลา,ภาคใต้,วัตถุดิบ,4,728.95,4.7,ลูกค้าใหม่
2460,2026-06-14,ระยอง,ภาคตะวันออก,เครื่องดื่ม,4,290.68,4.9,ลูกค้าใหม่
2461,2026-06-24,เชียงราย,ภาคเหนือ,เครื่องดื่ม,2,132.47,4.0,ลูกค้าประจำ
2462,2026-02-25,สุโขทัย,ภาคกลาง,อาหารสุขภาพ,2,360.44,4.2,ลูกค้าประจำ
2463,2026-04-18,เลย,ภาคตะวันออกเฉียงเหนือ,อาหารสุขภาพ,2,322.72,5.0,ลูกค้าประจำ
2464,2026-06-05,เพชรบุรี,ภาคตะวันตก,อาหารพร้อมทาน,1,82.87,4.8,ลูกค้าใหม่
2465,2026-06-02,สุราษฎร์ธานี,ภาคใต้,วัตถุดิบ,2,438.22,3.9,ลูกค้าใหม่
2466,2026-07-11,ลำปาง,ภาคเหนือ,อาหารพร้อมทาน,2,293.24,4.4,ลูกค้าใหม่
2467,2026-01-10,จันทบุรี,ภาคตะวันออก,อาหารพร้อมทาน,3,276.74,4.4,ลูกค้าใหม่
2468,2026-02-03,สิงห์บุรี,ภาคกลาง,ขนมและเบเกอรี่,5,431.55,4.7,ลูกค้าประจำ
2469,2026-08-20,อุดรธานี,ภาคตะวันออกเฉียงเหนือ,เครื่องดื่ม,1,64.69,5.0,ลูกค้าใหม่
2470,2026-08-04,ลพบุรี,ภาคกลาง,อาหารสุขภาพ,5,682.32,4.6,ลูกค้าประจำ
2471,2026-08-22,เพชรบุรี,ภาคตะวันตก,อาหารสุขภาพ,5,913.14,3.6,ลูกค้าประจำ
2472,2026-07-16,นครปฐม,ภาคกลาง,อาหารสุขภาพ,3,687.3,4.5,ลูกค้าใหม่
2473,2026-05-31,นครปฐม,ภาคกลาง,ขนมและเบเกอรี่,5,381.66,3.5,ลูกค้าประจำ
2474,2026-04-08,อำนาจเจริญ,ภาคตะวันออกเฉียงเหนือ,อาหารสุขภาพ,2,209.52,3.7,ลูกค้าใหม่
2475,2026-01-29,เพชรบุรี,ภาคตะวันตก,เครื่องดื่ม,4,265.76,4.1,ลูกค้าใหม่
2476,2026-03-02,อ่างทอง,ภาคกลาง,วัตถุดิบ,2,403.69,4.2,ลูกค้าประจำ
2477,2026-04-21,กาฬสินธุ์,ภาคตะวันออกเฉียงเหนือ,วัตถุดิบ,2,288.34,4.0,ลูกค้าใหม่
2478,2026-07-05,สุพรรณบุรี,ภาคกลาง,อาหารสุขภาพ,2,436.26,4.5,ลูกค้าใหม่
2479,2026-06-26,อ่างทอง,ภาคกลาง,อาหารพร้อมทาน,3,239.53,4.9,ลูกค้าใหม่
2480,2026-06-24,นครปฐม,ภาคกลาง,อาหารสุขภาพ,5,891.65,3.5,ลูกค้าใหม่
2481,2026-03-17,ลพบุรี,ภาคกลาง,อาหารสุขภาพ,3,366.57,4.2,ลูกค้าประจำ
2482,2026-07-13,ชุมพร,ภาคใต้,อาหารสุขภาพ,4,823.59,4.0,ลูกค้าใหม่
2483,2026-08-07,บุรีรัมย์,ภาคตะวันออกเฉียงเหนือ,อาหารพร้อมทาน,5,853.93,3.6,ลูกค้าใหม่
2484,2026-06-22,นราธิวาส,ภาคใต้,อาหารสุขภาพ,3,349.2,5.0,ลูกค้าใหม่
2485,2026-03-18,พระนครศรีอยุธยา,ภาคกลาง,เครื่องดื่ม,3,159.8,3.9,ลูกค้าประจำ
2486,2026-03-26,สุโขทัย,ภาคกลาง,ขนมและเบเกอรี่,1,115.42,4.2,ลูกค้าใหม่
2487,2026-07-20,กรุงเทพมหานคร,ภาคกลาง,อาหารพร้อมทาน,5,514.83,4.9,ลูกค้าประจำ
2488,2026-09-15,ชลบุรี,ภาคตะวันออก,อาหารพร้อมทาน,1,112.71,3.8,ลูกค้าใหม่
2489,2026-01-25,นราธิวาส,ภาคใต้,อาหารสุขภาพ,3,483.05,4.9,ลูกค้าประจำ
2490,2026-05-23,สุราษฎร์ธานี,ภาคใต้,อาหารพร้อมทาน,5,265.24,3.6,ลูกค้าใหม่
2491,2026-04-01,ภูเก็ต,ภาคใต้,อาหารพร้อมทาน,4,454.42,4.8,ลูกค้าใหม่
2492,2026-03-15,อุตรดิตถ์,ภาคเหนือ,วัตถุดิบ,4,506.47,3.6,ลูกค้าประจำ
2493,2026-09-11,ปทุมธานี,ภาคกลาง,ขนมและเบเกอรี่,3,249.86,4.2,ลูกค้าประจำ
2494,2026-08-18,ราชบุรี,ภาคตะวันตก,เครื่องดื่ม,1,75.19,4.8,ลูกค้าประจำ
2495,2026-06-26,ลำปาง,ภาคเหนือ,เครื่องดื่ม,5,222.91,3.5,ลูกค้าใหม่
2496,2026-03-24,สระแก้ว,ภาคตะวันออก,วัตถุดิบ,4,866.38,4.3,ลูกค้าใหม่
2497,2026-05-15,พังงา,ภาคใต้,อาหารพร้อมทาน,4,401.87,3.6,ลูกค้าใหม่
2498,2026-02-15,น่าน,ภาคเหนือ,เครื่องดื่ม,4,241.82,4.9,ลูกค้าประจำ
2499,2026-07-25,ยโสธร,ภาคตะวันออกเฉียงเหนือ,เครื่องดื่ม,2,155.69,3.7,ลูกค้าใหม่
2500,2026-02-22,สมุทรปราการ,ภาคกลาง,อาหารพร้อมทาน,2,260.4,3.6,ลูกค้าใหม่
